Time,header.seq,header.stamp.secs,header.stamp.nsecs,header.frame_id,connected,armed,guided,manual_input,mode,system_status
1654043857.6111782,0,1654043857,418567350,,False,False,False,False,,0
1654043857.6968696,1,1654043857,694049757,,True,False,False,True,CMODE(196608),3
1654043858.6975915,2,1654043858,696825016,,True,False,False,True,POSCTL,3
1654043859.6952085,3,1654043859,694661497,,True,False,False,True,POSCTL,3
1654043860.6948154,4,1654043860,694454144,,True,False,False,True,POSCTL,3
1654043861.6946528,5,1654043861,694347088,,True,False,False,True,POSCTL,3
1654043862.6956587,6,1654043862,695185976,,True,False,False,True,POSCTL,3
1654043863.6955,7,1654043863,694996809,,True,False,False,True,POSCTL,3
1654043864.6972342,8,1654043864,696812031,,True,False,False,True,POSCTL,3
1654043865.6975353,9,1654043865,696931734,,True,False,False,True,POSCTL,3
1654043866.6950474,10,1654043866,694551603,,True,False,False,True,POSCTL,3
1654043867.6969283,11,1654043867,696414844,,True,False,False,True,POSCTL,3
1654043868.696712,12,1654043868,696290325,,True,False,False,True,POSCTL,3
1654043869.6958413,13,1654043869,695050287,,True,False,False,True,POSCTL,3
1654043870.6956441,14,1654043870,694967731,,True,False,False,True,POSCTL,3
1654043871.6960957,15,1654043871,695741934,,True,False,False,True,POSCTL,3
1654043872.6969616,16,1654043872,696659359,,True,False,False,True,POSCTL,3
1654043873.6977232,17,1654043873,697359136,,True,False,False,True,POSCTL,3
1654043874.6957555,18,1654043874,695329339,,True,False,False,True,POSCTL,3
1654043875.6955166,19,1654043875,695053691,,True,False,False,True,POSCTL,3
1654043876.6966653,20,1654043876,695965560,,True,False,False,True,POSCTL,3
1654043877.6971247,21,1654043877,696737801,,True,False,False,True,POSCTL,3
1654043878.6969318,22,1654043878,696572356,,True,False,False,True,POSCTL,3
1654043879.6967893,23,1654043879,696450133,,True,False,False,True,POSCTL,3
1654043880.6965892,24,1654043880,696301984,,True,False,False,True,POSCTL,3
1654043881.6967072,25,1654043881,696177669,,True,False,False,True,POSCTL,3
1654043882.6958807,26,1654043882,694960816,,True,False,False,True,POSCTL,3
1654043883.6973774,27,1654043883,696820242,,True,False,False,True,POSCTL,3
1654043884.6953466,28,1654043884,694664241,,True,False,False,True,POSCTL,3
1654043885.7044034,29,1654043885,698233963,,True,False,False,True,POSCTL,3
1654043886.6958795,30,1654043886,695292555,,True,False,False,True,POSCTL,3
1654043887.6965704,31,1654043887,696171295,,True,False,False,True,POSCTL,3
1654043888.6954753,32,1654043888,694944979,,True,False,False,True,POSCTL,3
1654043889.6975455,33,1654043889,696918868,,True,False,False,True,POSCTL,3
1654043890.6951318,34,1654043890,694674237,,True,False,False,True,POSCTL,3
1654043891.694748,35,1654043891,694426774,,True,False,False,True,POSCTL,3
1654043892.6958044,36,1654043892,695325607,,True,False,False,True,POSCTL,3
1654043893.6956975,37,1654043893,695160106,,True,False,False,True,POSCTL,3
1654043894.6976545,38,1654043894,697000420,,True,False,False,True,POSCTL,3
1654043895.6977372,39,1654043895,696933086,,True,False,False,True,POSCTL,3
1654043896.6952913,40,1654043896,694735549,,True,False,False,True,POSCTL,3
1654043897.6948056,41,1654043897,694470733,,True,False,False,True,POSCTL,3
1654043898.6967945,42,1654043898,696400158,,True,False,False,True,POSCTL,3
1654043899.6966205,43,1654043899,696205250,,True,False,False,True,POSCTL,3
1654043900.696646,44,1654043900,696102694,,True,False,False,True,POSCTL,3
1654043901.6963317,45,1654043901,695936527,,True,False,False,True,POSCTL,3
1654043902.696519,46,1654043902,695869489,,True,False,False,True,POSCTL,3
1654043903.6972609,47,1654043903,696653248,,True,False,False,True,POSCTL,3
1654043904.698434,48,1654043904,697599285,,True,False,False,True,POSCTL,3
1654043905.6969104,49,1654043905,696352562,,True,False,False,True,POSCTL,3
1654043906.695659,50,1654043906,695086135,,True,False,False,True,POSCTL,3
1654043907.6955462,51,1654043907,694963227,,True,False,False,True,POSCTL,3
1654043908.6965084,52,1654043908,695840819,,True,False,False,True,POSCTL,3
1654043909.698217,53,1654043909,697586707,,True,False,False,True,POSCTL,3
1654043910.6969802,54,1654043910,696469762,,True,False,False,True,POSCTL,3
1654043911.6981232,55,1654043911,697468280,,True,False,False,True,POSCTL,3
1654043912.6977642,56,1654043912,697219835,,True,False,False,True,POSCTL,3
1654043913.6969526,57,1654043913,696280409,,True,False,False,True,POSCTL,3
1654043914.6964042,58,1654043914,695850205,,True,False,False,True,POSCTL,3
1654043915.6973479,59,1654043915,696792519,,True,False,False,True,POSCTL,3
1654043916.6980538,60,1654043916,697516759,,True,False,False,True,POSCTL,3
1654043917.6978984,61,1654043917,697308184,,True,False,False,True,POSCTL,3
1654043918.6955283,62,1654043918,695111017,,True,False,False,True,POSCTL,3
1654043919.697681,63,1654043919,696993294,,True,False,False,True,POSCTL,3
1654043920.6973624,64,1654043920,696831831,,True,False,False,True,POSCTL,3
1654043921.6980083,65,1654043921,697673867,,True,False,False,True,POSCTL,3
1654043922.697156,66,1654043922,696577459,,True,False,False,True,POSCTL,3
1654043923.6981888,67,1654043923,697415958,,True,False,False,True,POSCTL,3
1654043924.6968098,68,1654043924,696215810,,True,False,False,True,POSCTL,3
1654043925.6992948,69,1654043925,696141828,,True,False,False,True,POSCTL,3
1654043926.696801,70,1654043926,696200234,,True,False,False,True,POSCTL,3
1654043927.697415,71,1654043927,696757178,,True,False,False,True,POSCTL,3
1654043928.697313,72,1654043928,696589733,,True,False,False,True,POSCTL,3
1654043929.696038,73,1654043929,695433251,,True,False,False,True,POSCTL,3
1654043930.6978037,74,1654043930,697264806,,True,False,False,True,POSCTL,3
1654043931.6979544,75,1654043931,697168583,,True,False,False,True,POSCTL,3
1654043932.6969726,76,1654043932,695923083,,True,False,False,True,POSCTL,3
1654043933.6969466,77,1654043933,695971952,,True,False,False,True,POSCTL,3
1654043934.6964433,78,1654043934,695631100,,True,False,False,True,POSCTL,3
1654043935.6980634,79,1654043935,696522173,,True,False,False,True,POSCTL,3
1654043936.6968873,80,1654043936,696305821,,True,False,False,True,POSCTL,3
1654043937.698544,81,1654043937,698056135,,True,False,False,True,POSCTL,3
1654043938.6974432,82,1654043938,696908875,,True,False,False,True,POSCTL,3
1654043939.6981094,83,1654043939,697723838,,True,False,False,True,POSCTL,3
1654043940.6970377,84,1654043940,696558559,,True,False,False,True,POSCTL,3
1654043941.696096,85,1654043941,695554003,,True,False,False,True,POSCTL,3
1654043942.6968827,86,1654043942,696358058,,True,False,False,True,POSCTL,3
1654043943.6977186,87,1654043943,697186076,,True,False,False,True,POSCTL,3
1654043944.6965575,88,1654043944,695990279,,True,False,False,True,POSCTL,3
1654043945.6986854,89,1654043945,697812353,,True,False,False,True,POSCTL,3
1654043946.6973817,90,1654043946,696660741,,True,False,False,True,POSCTL,3
1654043947.6980217,91,1654043947,697509148,,True,False,False,True,POSCTL,3
1654043948.6968865,92,1654043948,696362129,,True,False,False,True,POSCTL,3
1654043949.6968427,93,1654043949,696304498,,True,False,False,True,POSCTL,3
1654043950.6967535,94,1654043950,695991776,,True,False,False,True,POSCTL,3
1654043951.696569,95,1654043951,695888312,,True,False,False,True,POSCTL,3
1654043952.6982157,96,1654043952,697680645,,True,False,False,True,POSCTL,3
1654043953.6963952,97,1654043953,695534015,,True,False,False,True,POSCTL,3
1654043954.6959593,98,1654043954,695322884,,True,False,False,True,POSCTL,3
1654043955.6969016,99,1654043955,696316458,,True,False,False,True,POSCTL,3
1654043956.697675,100,1654043956,697043587,,True,False,False,True,POSCTL,3
1654043957.6984694,101,1654043957,697881716,,True,False,False,True,POSCTL,3
1654043958.698737,102,1654043958,698103401,,True,False,False,True,POSCTL,3
1654043959.6981578,103,1654043959,697557307,,True,False,False,True,POSCTL,3
1654043960.698376,104,1654043960,697650233,,True,False,False,True,POSCTL,3
1654043961.6992266,105,1654043961,698180047,,True,False,False,True,POSCTL,3
1654043962.698662,106,1654043962,698040768,,True,False,False,True,POSCTL,3
1654043963.6978416,107,1654043963,696910860,,True,False,False,True,POSCTL,3
1654043964.6973515,108,1654043964,696765934,,True,False,False,True,POSCTL,3
1654043965.6981392,109,1654043965,697573915,,True,False,False,True,POSCTL,3
1654043966.6983097,110,1654043966,697426211,,True,False,False,True,POSCTL,3
1654043967.6991315,111,1654043967,698203710,,True,False,False,True,POSCTL,3
1654043968.6987567,112,1654043968,698108191,,True,False,False,True,POSCTL,3
1654043969.6977363,113,1654043969,696947227,,True,False,False,True,POSCTL,3
1654043970.6984844,114,1654043970,697827282,,True,False,False,True,POSCTL,3
1654043971.6962926,115,1654043971,695611485,,True,False,False,True,POSCTL,3
1654043972.6969807,116,1654043972,696449707,,True,False,False,True,POSCTL,3
1654043973.6989176,117,1654043973,698234762,,True,False,False,True,POSCTL,3
1654043974.6968043,118,1654043974,696232428,,True,False,False,True,POSCTL,3
1654043975.699195,119,1654043975,696576150,,True,False,False,True,POSCTL,3
1654043976.698418,120,1654043976,697858908,,True,False,False,True,POSCTL,3
1654043977.6963387,121,1654043977,695602945,,True,False,False,True,POSCTL,3
1654043978.698023,122,1654043978,697489537,,True,False,False,True,POSCTL,3
1654043979.699004,123,1654043979,698276703,,True,False,False,True,POSCTL,3
1654043980.6978407,124,1654043980,697202591,,True,False,False,True,POSCTL,3
1654043981.6986668,125,1654043981,697999553,,True,False,False,True,POSCTL,3
1654043982.696744,126,1654043982,695852682,,True,False,False,True,POSCTL,3
1654043983.6965733,127,1654043983,695654182,,True,False,False,True,POSCTL,3
1654043984.6993184,128,1654043984,698487515,,True,False,False,True,POSCTL,3
1654043985.6985357,129,1654043985,698024273,,True,False,False,True,POSCTL,3
1654043986.6988795,130,1654043986,696356662,,True,False,False,True,POSCTL,3
1654043987.6988363,131,1654043987,698100809,,True,False,False,True,POSCTL,3
1654043988.6975918,132,1654043988,695850216,,True,False,False,True,POSCTL,3
1654043989.6976054,133,1654043989,696660326,,True,False,False,True,POSCTL,3
1654043990.6981652,134,1654043990,697474974,,True,False,False,True,POSCTL,3
1654043991.698672,135,1654043991,698311881,,True,False,False,True,POSCTL,3
1654043992.6965542,136,1654043992,696169306,,True,False,False,True,POSCTL,3
1654043993.6967914,137,1654043993,696074009,,True,False,False,True,POSCTL,3
1654043994.698797,138,1654043994,696033286,,True,False,False,True,POSCTL,3
1654043995.6965706,139,1654043995,695842823,,True,False,False,True,POSCTL,3
1654043996.6982746,140,1654043996,697535285,,True,False,False,True,POSCTL,3
1654043997.69839,141,1654043997,697465192,,True,False,False,True,POSCTL,3
1654043998.6968195,142,1654043998,696275599,,True,False,False,True,POSCTL,3
1654043999.69771,143,1654043999,697146598,,True,False,False,True,POSCTL,3
1654044000.6978858,144,1654044000,697246690,,True,False,False,True,POSCTL,3
1654044001.6997104,145,1654044001,696761282,,True,False,False,True,POSCTL,3
1654044002.6982243,146,1654044002,697538337,,True,False,False,True,POSCTL,3
1654044003.6962597,147,1654044003,695395411,,True,False,False,True,POSCTL,3
1654044004.6989021,148,1654044004,698282540,,True,False,False,True,POSCTL,3
1654044005.698719,149,1654044005,696148058,,True,False,False,True,POSCTL,3
1654044006.6985755,150,1654044006,697979650,,True,False,False,True,POSCTL,3
1654044007.6978188,151,1654044007,696765797,,True,False,False,True,POSCTL,3
1654044008.6992283,152,1654044008,698629926,,True,False,False,True,POSCTL,3
1654044009.6979175,153,1654044009,697428944,,True,False,False,True,POSCTL,3
1654044010.6969686,154,1654044010,696385203,,True,False,False,True,POSCTL,3
1654044011.6988003,155,1654044011,698159628,,True,False,False,True,POSCTL,3
1654044012.69762,156,1654044012,696949683,,True,False,False,True,POSCTL,3
1654044013.6993062,157,1654044013,698784905,,True,False,False,True,POSCTL,3
1654044014.6982076,158,1654044014,697678460,,True,False,False,True,POSCTL,3
1654044015.6990268,159,1654044015,698469700,,True,False,False,True,POSCTL,3
1654044016.696886,160,1654044016,696353921,,True,False,False,True,POSCTL,3
1654044017.6991277,161,1654044017,698112143,,True,False,False,True,POSCTL,3
1654044018.69873,162,1654044018,697981050,,True,False,False,True,POSCTL,3
1654044019.6975884,163,1654044019,696900216,,True,False,False,True,POSCTL,3
1654044020.697526,164,1654044020,696933549,,True,False,False,True,POSCTL,3
1654044021.6974642,165,1654044021,696552215,,True,False,False,True,POSCTL,3
1654044022.6972375,166,1654044022,696450066,,True,False,False,True,POSCTL,3
1654044023.699589,167,1654044023,696420658,,True,False,False,True,POSCTL,3
1654044024.6991007,168,1654044024,696367380,,True,False,False,True,POSCTL,3
1654044025.6984584,169,1654044025,697867231,,True,False,False,True,POSCTL,3
1654044026.6994164,170,1654044026,698739675,,True,False,False,True,POSCTL,3
1654044027.6981847,171,1654044027,697607804,,True,False,False,True,POSCTL,3
1654044028.697326,172,1654044028,696709266,,True,False,False,True,POSCTL,3
1654044029.6968398,173,1654044029,696293117,,True,False,False,True,POSCTL,3
1654044030.6987512,174,1654044030,698047876,,True,False,False,True,POSCTL,3
1654044031.6993697,175,1654044031,698862913,,True,False,False,True,POSCTL,3
1654044032.699653,176,1654044032,698772412,,True,False,False,True,POSCTL,3
1654044033.6976476,177,1654044033,696620004,,True,False,False,True,POSCTL,3
1654044034.6972523,178,1654044034,696432466,,True,False,False,True,POSCTL,3
1654044035.6968243,179,1654044035,696251706,,True,False,False,True,POSCTL,3
1654044036.6978738,180,1654044036,697162743,,True,False,False,True,POSCTL,3
1654044037.6995199,181,1654044037,698956427,,True,False,False,True,POSCTL,3
1654044038.6986084,182,1654044038,697904464,,True,False,False,True,POSCTL,3
1654044039.6980786,183,1654044039,696673686,,True,False,False,True,POSCTL,3
1654044040.6970506,184,1654044040,696509722,,True,False,False,True,POSCTL,3
1654044041.6968124,185,1654044041,696314147,,True,False,False,True,POSCTL,3
1654044042.697809,186,1654044042,697229054,,True,False,False,True,POSCTL,3
1654044043.6985428,187,1654044043,697963554,,True,False,False,True,POSCTL,3
1654044044.6983426,188,1654044044,696825405,,True,False,False,True,POSCTL,3
1654044045.6972942,189,1654044045,696688645,,True,False,False,True,POSCTL,3
1654044046.6970465,190,1654044046,696497589,,True,False,False,True,POSCTL,3
1654044047.6970375,191,1654044047,696428310,,True,False,False,True,POSCTL,3
1654044048.699874,192,1654044048,699185643,,True,False,False,True,POSCTL,3
1654044049.6985824,193,1654044049,698026124,,True,False,False,True,POSCTL,3
1654044050.6988559,194,1654044050,697873309,,True,False,False,True,POSCTL,3
1654044051.699143,195,1654044051,698651086,,True,False,False,True,POSCTL,3
1654044052.700206,196,1654044052,697638789,,True,False,False,True,POSCTL,3
1654044053.6979191,197,1654044053,697372640,,True,False,False,True,POSCTL,3
1654044054.6978295,198,1654044054,697220806,,True,False,False,True,POSCTL,3
1654044055.6987035,199,1654044055,698018269,,True,False,False,True,POSCTL,3
1654044056.6993704,200,1654044056,698834990,,True,False,False,True,POSCTL,3
1654044057.6979856,201,1654044057,697623638,,True,False,False,True,POSCTL,3
1654044058.699016,202,1654044058,698519878,,True,False,False,True,POSCTL,3
1654044059.7005708,203,1654044059,699518692,,True,False,False,True,POSCTL,3
1654044060.698641,204,1654044060,698180080,,True,False,False,True,POSCTL,3
1654044061.6986241,205,1654044061,698018598,,True,False,False,True,POSCTL,3
1654044062.7024937,206,1654044062,700351987,,True,False,False,True,POSCTL,3
1654044063.6994355,207,1654044063,698750431,,True,False,False,True,POSCTL,3
1654044064.6991453,208,1654044064,698619004,,True,False,False,True,POSCTL,3
1654044065.6999824,209,1654044065,699440503,,True,False,False,True,POSCTL,3
1654044066.698115,210,1654044066,697340429,,True,False,False,True,POSCTL,3
1654044067.6986408,211,1654044067,698138576,,True,False,False,True,POSCTL,3
1654044068.6997242,212,1654044068,699260057,,True,False,False,True,POSCTL,3
1654044069.699238,213,1654044069,698719631,,True,False,False,True,POSCTL,3
1654044070.6973207,214,1654044070,696633334,,True,False,False,True,POSCTL,3
1654044071.6999938,215,1654044071,699412574,,True,False,False,True,POSCTL,3
1654044072.6990063,216,1654044072,698323110,,True,False,False,True,POSCTL,3
1654044073.6995642,217,1654044073,699081332,,True,False,False,True,POSCTL,3
1654044074.6991048,218,1654044074,698485054,,True,False,False,True,POSCTL,3
1654044075.6995106,219,1654044075,698831831,,True,False,False,True,POSCTL,3
1654044076.6972165,220,1654044076,696653182,,True,False,False,True,POSCTL,3
1654044077.6990235,221,1654044077,697479033,,True,False,False,True,POSCTL,3
1654044078.6998608,222,1654044078,699346199,,True,False,False,True,POSCTL,3
1654044079.6977499,223,1654044079,697205551,,True,False,False,True,POSCTL,3
1654044080.699501,224,1654044080,698982550,,True,False,False,True,POSCTL,3
1654044081.6993825,225,1654044081,698845772,,True,False,False,True,POSCTL,3
1654044082.6973243,226,1654044082,696720475,,True,False,False,True,POSCTL,3
1654044083.6995358,227,1654044083,697487159,,True,False,False,True,POSCTL,3
1654044084.69987,228,1654044084,699316622,,True,False,False,True,POSCTL,3
1654044085.6991143,229,1654044085,698243899,,True,False,False,True,POSCTL,3
1654044086.700767,230,1654044086,700021065,,True,False,False,True,POSCTL,3
1654044087.6985123,231,1654044087,697863768,,True,False,False,True,POSCTL,3
1654044088.6992266,232,1654044088,698679508,,True,False,False,True,POSCTL,3
1654044089.7000563,233,1654044089,699529637,,True,False,False,True,POSCTL,3
1654044090.6999748,234,1654044090,699421211,,True,False,False,True,POSCTL,3
1654044091.6997545,235,1654044091,699227025,,True,False,False,True,POSCTL,3
1654044092.698686,236,1654044092,698030117,,True,False,False,True,POSCTL,3
1654044093.6986408,237,1654044093,697905727,,True,False,False,True,POSCTL,3
1654044094.6983745,238,1654044094,697786208,,True,False,False,True,POSCTL,3
1654044095.7000983,239,1654044095,699556004,,True,False,False,True,POSCTL,3
1654044096.7001145,240,1654044096,699378448,,True,False,False,True,POSCTL,3
1654044097.6979692,241,1654044097,697328836,,True,False,False,True,POSCTL,3
1654044098.699093,242,1654044098,697168724,,True,False,False,True,POSCTL,3
1654044099.698442,243,1654044099,696979891,,True,False,False,True,POSCTL,3
1654044100.7002919,244,1654044100,699731038,,True,False,False,True,POSCTL,3
1654044101.7001991,245,1654044101,699595537,,True,False,False,True,POSCTL,3
1654044102.698942,246,1654044102,698442389,,True,False,False,True,POSCTL,3
1654044103.698016,247,1654044103,697325481,,True,False,False,True,POSCTL,3
1654044104.6987948,248,1654044104,698137906,,True,False,False,True,POSCTL,3
1654044105.6989133,249,1654044105,698338165,,True,False,False,True,POSCTL,3
1654044106.7003458,250,1654044106,699764201,,True,False,False,True,POSCTL,3
1654044107.6992507,251,1654044107,698719145,,True,False,False,True,POSCTL,3
1654044108.7000477,252,1654044108,699501811,,True,False,False,True,POSCTL,3
1654044109.6998353,253,1654044109,699319014,,True,False,False,True,POSCTL,3
1654044110.7006927,254,1654044110,700125532,,True,False,False,True,POSCTL,3
1654044111.699496,255,1654044111,698977346,,True,False,False,True,POSCTL,3
1654044112.6993878,256,1654044112,698828494,,True,False,False,True,POSCTL,3
1654044113.700208,257,1654044113,699636771,,True,False,False,True,POSCTL,3
1654044114.6981347,258,1654044114,697582678,,True,False,False,True,POSCTL,3
1654044115.6985395,259,1654044115,697385270,,True,False,False,True,POSCTL,3
1654044116.698951,260,1654044116,698214621,,True,False,False,True,POSCTL,3
1654044117.6987755,261,1654044117,698175417,,True,False,False,True,POSCTL,3
1654044118.70039,262,1654044118,699875361,,True,False,False,True,POSCTL,3
1654044119.7003617,263,1654044119,699694082,,True,False,False,True,POSCTL,3
1654044120.7003596,264,1654044120,699590804,,True,False,False,True,POSCTL,3
1654044121.6999223,265,1654044121,699397748,,True,False,False,True,POSCTL,3
1654044122.7000284,266,1654044122,699623118,,True,False,False,True,POSCTL,3
1654044123.6993885,267,1654044123,698986358,,True,False,False,True,POSCTL,3
1654044124.7012079,268,1654044124,700742209,,True,False,False,True,POSCTL,3
1654044125.699106,269,1654044125,698670579,,True,False,False,True,POSCTL,3
1654044126.6991103,270,1654044126,698543078,,True,False,False,True,POSCTL,3
1654044127.699899,271,1654044127,699385244,,True,False,False,True,POSCTL,3
1654044128.701217,272,1654044128,700263281,,True,False,False,True,POSCTL,3
1654044129.698778,273,1654044129,698252687,,True,False,False,True,POSCTL,3
1654044130.6994665,274,1654044130,698940650,,True,False,False,True,POSCTL,3
1654044131.6981115,275,1654044131,697741927,,True,False,False,True,POSCTL,3
1654044132.6989572,276,1654044132,698561704,,True,False,False,True,POSCTL,3
1654044133.6978457,277,1654044133,697485926,,True,False,False,True,POSCTL,3
1654044134.7009,278,1654044134,700268444,,True,False,False,True,POSCTL,3
1654044135.6997402,279,1654044135,699117776,,True,False,False,True,POSCTL,3
1654044136.6987958,280,1654044136,697965646,,True,False,False,True,POSCTL,3
1654044137.698331,281,1654044137,697832535,,True,False,False,True,POSCTL,3
1654044138.6993597,282,1654044138,698756256,,True,False,False,True,POSCTL,3
1654044139.700057,283,1654044139,699498311,,True,False,False,True,POSCTL,3
1654044140.701237,284,1654044140,700343440,,True,False,False,True,POSCTL,3
1654044141.698124,285,1654044141,697246366,,True,False,False,True,POSCTL,3
1654044142.700723,286,1654044142,699988383,,True,False,False,True,POSCTL,3
1654044143.7004583,287,1654044143,699865327,,True,False,False,True,POSCTL,3
1654044144.7002974,288,1654044144,699696956,,True,False,False,True,POSCTL,3
1654044145.6983137,289,1654044145,697555752,,True,False,False,True,POSCTL,3
1654044146.698997,290,1654044146,698365048,,True,False,False,True,POSCTL,3
1654044147.7011876,291,1654044147,700539029,,True,False,False,True,POSCTL,3
1654044148.698416,292,1654044148,698028732,,True,False,False,True,POSCTL,3
1654044149.700452,293,1654044149,699923194,,True,False,False,True,POSCTL,3
1654044150.6980379,294,1654044150,697673416,,True,False,False,True,POSCTL,3
1654044151.700987,295,1654044151,700542378,,True,False,False,True,POSCTL,3
1654044152.6987166,296,1654044152,698342877,,True,False,False,True,POSCTL,3
1654044153.6991227,297,1654044153,698272506,,True,False,False,True,POSCTL,3
1654044154.6987908,298,1654044154,698085432,,True,False,False,True,POSCTL,3
1654044155.699442,299,1654044155,698918431,,True,False,False,True,POSCTL,3
1654044156.698411,300,1654044156,697786782,,True,False,False,True,POSCTL,3
1654044157.699463,301,1654044157,698920837,,True,False,False,True,POSCTL,3
1654044158.7013516,302,1654044158,700605022,,True,False,False,True,POSCTL,3
1654044159.700963,303,1654044159,700288688,,True,False,False,True,POSCTL,3
1654044160.6984224,304,1654044160,698067391,,True,False,False,True,POSCTL,3
1654044161.6982772,305,1654044161,697909465,,True,False,False,True,POSCTL,3
1654044162.7006307,306,1654044162,699841557,,True,False,False,True,POSCTL,3
1654044163.6991785,307,1654044163,698552241,,True,False,False,True,POSCTL,3
1654044164.7017713,308,1654044164,700499648,,True,False,False,True,POSCTL,3
1654044165.6988924,309,1654044165,698303647,,True,False,False,True,POSCTL,3
1654044166.6997466,310,1654044166,699238277,,True,False,False,True,POSCTL,3
1654044167.6989026,311,1654044167,698002035,,True,False,False,True,POSCTL,3
1654044168.7017663,312,1654044168,700837498,,True,False,False,True,POSCTL,3
1654044169.7036695,313,1654044169,700789127,,True,False,False,True,POSCTL,3
1654044170.7000606,314,1654044170,699503052,,True,False,False,True,POSCTL,3
1654044171.7013988,315,1654044171,700331144,,True,False,False,True,POSCTL,3
1654044172.6997397,316,1654044172,699203958,,True,False,False,True,POSCTL,3
1654044173.699574,317,1654044173,699019754,,True,False,False,True,POSCTL,3
1654044174.7034512,318,1654044174,701052290,,True,False,False,True,POSCTL,3
1654044175.7017934,319,1654044175,700882475,,True,False,False,True,POSCTL,3
1654044176.701479,320,1654044176,700580289,,True,False,False,True,POSCTL,3
1654044177.701312,321,1654044177,700381474,,True,False,False,True,POSCTL,3
1654044178.7008374,322,1654044178,700232214,,True,False,False,True,POSCTL,3
1654044179.7008376,323,1654044179,700033769,,True,False,False,True,POSCTL,3
1654044180.6994724,324,1654044180,698901231,,True,False,False,True,POSCTL,3
1654044181.6992831,325,1654044181,698725823,,True,False,False,True,POSCTL,3
1654044182.7001073,326,1654044182,699554082,,True,False,False,True,POSCTL,3
1654044183.6999326,327,1654044183,699417637,,True,False,False,True,POSCTL,3
1654044184.6998188,328,1654044184,699285951,,True,True,False,True,POSCTL,4
1654044185.6989963,329,1654044185,698419950,,True,True,False,True,POSCTL,4
1654044186.7003567,330,1654044186,699932265,,True,True,False,True,POSCTL,8
1654044187.7001774,331,1654044187,699791394,,True,True,False,True,POSCTL,8
1654044188.6990635,332,1654044188,698654393,,True,True,False,True,POSCTL,4
1654044189.6988106,333,1654044189,698427689,,True,True,False,True,POSCTL,4
1654044190.7004585,334,1654044190,699738651,,True,True,False,True,POSCTL,8
1654044191.699658,335,1654044191,699145984,,True,True,False,True,POSCTL,8
1654044192.7024245,336,1654044192,701009946,,True,True,False,True,POSCTL,8
1654044193.7021415,337,1654044193,701551260,,True,True,False,True,POSCTL,8
1654044194.7020016,338,1654044194,700703186,,True,False,False,True,POSCTL,8
1654044195.7000132,339,1654044195,699507018,,True,False,False,True,POSCTL,8
1654044196.7014875,340,1654044196,700356777,,True,False,False,True,POSCTL,3
1654044197.7026336,341,1654044197,700188369,,True,False,False,True,POSCTL,3
1654044198.702383,342,1654044198,701039350,,True,False,False,True,POSCTL,3
1654044199.6994078,343,1654044199,698884849,,True,False,False,True,POSCTL,3
1654044200.6991506,344,1654044200,698661812,,True,False,False,True,POSCTL,3
1654044201.702666,345,1654044201,701900070,,True,False,False,True,POSCTL,3
1654044202.701069,346,1654044202,700373274,,True,False,False,True,POSCTL,3
1654044203.6989658,347,1654044203,698233051,,True,False,False,True,POSCTL,3
1654044204.6996439,348,1654044204,699032902,,True,False,False,True,POSCTL,3
1654044205.700914,349,1654044205,699889383,,True,False,False,True,POSCTL,3
1654044206.7017243,350,1654044206,700200419,,True,True,False,True,POSCTL,4
1654044207.7023895,351,1654044207,700743011,,True,True,False,True,POSCTL,4
1654044208.7015615,352,1654044208,700435159,,True,True,False,True,POSCTL,4
1654044209.6988328,353,1654044209,698227621,,True,True,False,True,POSCTL,4
1654044210.7010298,354,1654044210,700201528,,True,True,False,True,POSCTL,4
1654044211.7004778,355,1654044211,700008602,,True,True,False,True,POSCTL,8
1654044212.7019875,356,1654044212,701543619,,True,True,False,True,POSCTL,8
1654044213.7009666,357,1654044213,700640563,,True,True,False,True,POSCTL,8
1654044214.6987493,358,1654044214,698402415,,True,True,False,True,POSCTL,8
1654044215.7016559,359,1654044215,701272136,,True,True,False,True,POSCTL,8
1654044216.6999,360,1654044216,699174228,,True,False,False,True,POSCTL,8
1654044217.7004468,361,1654044217,699944913,,True,False,False,True,POSCTL,3
1654044218.7024548,362,1654044218,701469727,,True,False,False,True,POSCTL,3
1654044219.701964,363,1654044219,701233763,,True,False,False,True,POSCTL,3
1654044220.7018478,364,1654044220,700507152,,True,False,False,True,POSCTL,3
1654044221.7013056,365,1654044221,700396022,,True,False,False,True,POSCTL,3
1654044222.7025876,366,1654044222,701559558,,True,False,False,True,POSCTL,3
1654044223.701369,367,1654044223,700995002,,True,False,False,True,POSCTL,3
1654044224.6992078,368,1654044224,698809909,,True,False,False,True,POSCTL,3
1654044225.6989436,369,1654044225,698634056,,True,False,False,True,POSCTL,3
1654044226.7000191,370,1654044226,699528944,,True,False,False,True,POSCTL,3
1654044227.699838,371,1654044227,699340962,,True,False,False,True,POSCTL,3
1654044228.6999063,372,1654044228,699241573,,True,False,False,True,POSCTL,3
1654044229.7029805,373,1654044229,701405924,,True,False,False,True,POSCTL,3
1654044230.702081,374,1654044230,701493572,,True,False,False,True,POSCTL,3
1654044231.7029624,375,1654044231,702418534,,True,False,False,True,POSCTL,3
1654044232.7001677,376,1654044232,698875441,,True,False,False,True,POSCTL,3
1654044233.7015915,377,1654044233,700369440,,True,False,False,True,POSCTL,3
1654044234.6998858,378,1654044234,699427403,,True,False,False,True,POSCTL,3
1654044235.7010212,379,1654044235,700172995,,True,False,False,True,POSCTL,3
1654044236.6998236,380,1654044236,699250513,,True,False,False,True,POSCTL,3
1654044244.444213,381,1654044244,443698638,,True,False,False,True,STABILIZED,3
1654044245.4433362,382,1654044245,442580415,,True,False,False,True,STABILIZED,3
1654044246.4428184,383,1654044246,442364136,,True,False,False,True,STABILIZED,3
1654044247.4428074,384,1654044247,442304377,,True,False,False,True,STABILIZED,3
1654044248.4444654,385,1654044248,443982561,,True,False,False,True,STABILIZED,3
1654044249.443378,386,1654044249,442881320,,True,False,False,True,STABILIZED,3
1654044250.444222,387,1654044250,443710245,,True,False,False,True,STABILIZED,3
1654044251.4450076,388,1654044251,444518448,,True,False,False,True,STABILIZED,3
1654044252.4451668,389,1654044252,444423059,,True,False,False,True,STABILIZED,3
1654044253.443694,390,1654044253,443227817,,True,False,False,True,STABILIZED,3
1654044254.445595,391,1654044254,445039706,,True,False,False,True,STABILIZED,3
1654044255.444475,392,1654044255,443903835,,True,False,False,True,STABILIZED,3
1654044256.4432251,393,1654044256,442789890,,True,False,False,True,STABILIZED,3
1654044257.4430227,394,1654044257,442603667,,True,False,False,True,STABILIZED,3
1654044258.4440053,395,1654044258,443472333,,True,False,False,True,STABILIZED,3
1654044259.4427342,396,1654044259,442265147,,True,False,False,True,STABILIZED,3
1654044260.4456642,397,1654044260,445069739,,True,False,False,True,STABILIZED,3
1654044261.444016,398,1654044261,442966035,,True,False,False,True,STABILIZED,3
1654044262.4432273,399,1654044262,442779886,,True,False,False,True,STABILIZED,3
1654044263.4450889,400,1654044263,444613645,,True,False,False,True,STABILIZED,3
1654044264.443076,401,1654044264,442498940,,True,False,False,True,STABILIZED,3
1654044265.4447947,402,1654044265,444259625,,True,False,False,True,STABILIZED,3
1654044266.4435658,403,1654044266,443114032,,True,False,False,True,STABILIZED,3
1654044267.4453993,404,1654044267,444904013,,True,False,False,True,STABILIZED,3
1654044268.44539,405,1654044268,444833512,,True,False,False,True,STABILIZED,3
1654044269.442917,406,1654044269,442611882,,True,False,False,True,STABILIZED,3
1654044270.4427783,407,1654044270,442442363,,True,False,False,True,POSCTL,3
1654044271.443642,408,1654044271,443277899,,True,False,False,True,POSCTL,3
1654044272.4435148,409,1654044272,443106806,,True,False,False,True,POSCTL,3
1654044273.4453208,410,1654044273,444937528,,True,False,False,True,POSCTL,3
1654044274.4443705,411,1654044274,443875064,,True,False,False,True,POSCTL,3
1654044275.4443264,412,1654044275,443823249,,True,False,False,True,POSCTL,3
1654044276.4432929,413,1654044276,442579193,,True,False,False,True,POSCTL,3
1654044277.4436576,414,1654044277,443287692,,True,False,False,True,POSCTL,3
1654044278.444488,415,1654044278,444116080,,True,False,False,True,POSCTL,3
1654044279.4443269,416,1654044279,443989598,,True,False,False,True,ALTCTL,3
1654044280.4433558,417,1654044280,442990005,,True,False,False,True,POSCTL,3
1654044281.4430504,418,1654044281,442699504,,True,False,False,True,POSCTL,3
1654044282.44382,419,1654044282,443473356,,True,False,False,True,POSCTL,3
1654044283.4456487,420,1654044283,445319966,,True,False,False,True,POSCTL,3
1654044284.444491,421,1654044284,444161206,,True,False,False,True,POSCTL,3
1654044285.445431,422,1654044285,444983613,,True,False,False,True,POSCTL,3
1654044286.4442255,423,1654044286,443861427,,True,False,False,True,POSCTL,3
1654044287.444508,424,1654044287,443912668,,True,False,False,True,POSCTL,3
1654044288.442846,425,1654044288,442547760,,True,False,False,True,POSCTL,3
1654044289.4436924,426,1654044289,443365907,,True,False,False,True,POSCTL,3
1654044290.4435382,427,1654044290,443232777,,True,False,False,True,POSCTL,3
1654044291.4433808,428,1654044291,443075147,,True,False,False,True,POSCTL,3
1654044292.44425,429,1654044292,443935035,,True,False,False,True,POSCTL,3
1654044293.4433293,430,1654044293,442858238,,True,False,False,True,POSCTL,3
1654044294.4445176,431,1654044294,443708478,,True,True,False,True,POSCTL,4
1654044295.4440475,432,1654044295,443478885,,True,True,False,True,POSCTL,4
1654044296.4448798,433,1654044296,444361644,,True,True,False,True,POSCTL,4
1654044297.4446304,434,1654044297,444179976,,True,True,False,True,POSCTL,4
1654044298.44455,435,1654044298,444030050,,True,True,False,True,POSCTL,4
1654044299.4462569,436,1654044299,445803716,,True,True,False,True,POSCTL,4
1654044300.446217,437,1654044300,445682826,,True,True,False,True,POSCTL,4
1654044301.4460027,438,1654044301,445488400,,True,True,False,True,POSCTL,4
1654044302.4438946,439,1654044302,443383214,,True,True,False,True,POSCTL,4
1654044303.4466877,440,1654044303,446157121,,True,True,False,True,POSCTL,4
1654044304.445542,441,1654044304,445030194,,True,True,False,True,POSCTL,4
1654044305.443419,442,1654044305,442950212,,True,True,False,True,POSCTL,4
1654044306.4461575,443,1654044306,445652138,,True,True,False,True,POSCTL,4
1654044307.444986,444,1654044307,444539470,,True,True,False,True,POSCTL,4
1654044308.445928,445,1654044308,445335785,,True,True,False,True,POSCTL,4
1654044309.445704,446,1654044309,445238136,,True,True,False,True,POSCTL,4
1654044310.447603,447,1654044310,447039246,,True,True,False,True,POSCTL,4
1654044311.4453337,448,1654044311,444846690,,True,True,False,True,POSCTL,4
1654044312.4441774,449,1654044312,443699671,,True,True,False,True,POSCTL,4
1654044313.4440548,450,1654044313,443586541,,True,True,False,True,POSCTL,4
1654044314.4439766,451,1654044314,443421985,,True,True,False,True,POSCTL,4
1654044315.4438055,452,1654044315,443302725,,True,True,False,True,POSCTL,4
1654044316.445636,453,1654044316,445088724,,True,True,False,True,POSCTL,4
1654044317.446425,454,1654044317,445895668,,True,True,False,True,POSCTL,8
1654044318.446282,455,1654044318,445740779,,True,True,False,True,POSCTL,8
1654044319.4462025,456,1654044319,445677519,,True,True,False,True,POSCTL,8
1654044320.4459894,457,1654044320,445477685,,True,True,False,True,POSCTL,8
1654044321.4447527,458,1654044321,444278777,,True,True,False,True,POSCTL,8
1654044322.4436243,459,1654044322,443180110,,True,False,False,True,POSCTL,8
1654044323.443445,460,1654044323,442966053,,True,False,False,True,POSCTL,8
1654044324.4443011,461,1654044324,443820034,,True,False,False,True,POSCTL,3
1654044325.4444742,462,1654044325,443955849,,True,False,False,True,POSCTL,3
1654044326.4460208,463,1654044326,445528811,,True,False,False,True,POSCTL,3
1654044327.4448924,464,1654044327,444340458,,True,False,False,True,POSCTL,3
1654044328.4446368,465,1654044328,444168088,,True,False,False,True,POSCTL,3
1654044329.4445426,466,1654044329,443966180,,True,False,False,True,POSCTL,3
1654044330.4463458,467,1654044330,445863401,,True,False,False,True,POSCTL,3
1654044331.4461398,468,1654044331,445670549,,True,False,False,True,POSCTL,3
1654044332.4460378,469,1654044332,445538807,,True,False,False,True,POSCTL,3
1654044333.445922,470,1654044333,445379214,,True,False,False,True,POSCTL,3
1654044334.443709,471,1654044334,443230954,,True,False,False,True,POSCTL,3
1654044335.4445539,472,1654044335,444009343,,True,False,False,True,POSCTL,3
1654044336.4453878,473,1654044336,444875435,,True,False,False,True,POSCTL,3
1654044337.444181,474,1654044337,443728119,,True,False,False,True,POSCTL,3
1654044338.4441035,475,1654044338,443601952,,True,False,False,True,POSCTL,3
1654044339.4463305,476,1654044339,445793674,,True,False,False,True,POSCTL,3
1654044340.446777,477,1654044340,446250432,,True,False,False,True,POSCTL,3
1654044341.4465399,478,1654044341,446065654,,True,False,False,True,POSCTL,3
1654044342.4443758,479,1654044342,443946653,,True,True,False,True,POSCTL,4
1654044343.4452252,480,1654044343,444737782,,True,True,False,True,POSCTL,4
1654044344.4444487,481,1654044344,443635597,,True,True,False,True,POSCTL,4
1654044345.4439692,482,1654044345,443456281,,True,True,False,True,POSCTL,4
1654044346.4445553,483,1654044346,444187318,,True,True,False,True,POSCTL,8
1654044347.4444337,484,1654044347,444067761,,True,True,False,True,POSCTL,8
1654044348.4462867,485,1654044348,445904094,,True,True,False,True,POSCTL,8
1654044349.4440658,486,1654044349,443723334,,True,True,False,True,POSCTL,8
1654044350.4439406,487,1654044350,443591963,,True,True,False,True,POSCTL,8
1654044351.443937,488,1654044351,443465870,,True,False,False,True,POSCTL,8
1654044352.4458175,489,1654044352,445294592,,True,False,False,True,ALTCTL,3
1654044353.4456122,490,1654044353,445158665,,True,False,False,True,POSCTL,3
1654044354.446548,491,1654044354,445999628,,True,False,False,True,POSCTL,3
1654044355.4453743,492,1654044355,444831497,,True,False,False,True,POSCTL,3
1654044356.445159,493,1654044356,444670645,,True,False,False,True,POSCTL,3
1654044357.4452207,494,1654044357,444551070,,True,False,False,True,POSCTL,3
1654044358.44475,495,1654044358,444280810,,True,False,False,True,POSCTL,3
1654044359.4466026,496,1654044359,446129180,,True,True,False,True,POSCTL,4
1654044360.446512,497,1654044360,446005883,,True,True,False,True,POSCTL,4
1654044361.4463284,498,1654044361,445885160,,True,True,False,True,POSCTL,4
1654044362.4451613,499,1654044362,444658641,,True,True,False,True,POSCTL,4
1654044363.4460397,500,1654044363,445484493,,True,True,False,True,POSCTL,4
1654044364.4449034,501,1654044364,444396492,,True,True,False,True,POSCTL,4
1654044365.4447079,502,1654044365,444216140,,True,True,False,True,POSCTL,4
1654044366.444509,503,1654044366,444029546,,True,True,False,True,POSCTL,4
1654044367.4462886,504,1654044367,445842509,,True,True,False,True,POSCTL,4
1654044368.4441884,505,1654044368,443740730,,True,True,False,True,POSCTL,4
1654044369.4462807,506,1654044369,445621378,,True,True,False,True,POSCTL,4
1654044370.4470031,507,1654044370,446400933,,True,True,False,True,POSCTL,4
1654044371.4460826,508,1654044371,445339599,,True,True,False,True,POSCTL,4
1654044372.4456353,509,1654044372,445089987,,True,True,False,True,POSCTL,4
1654044373.446447,510,1654044373,445938042,,True,True,False,True,POSCTL,4
1654044374.4442863,511,1654044374,443803727,,True,True,False,True,POSCTL,4
1654044375.4450285,512,1654044375,444543930,,True,True,False,True,POSCTL,4
1654044376.4447005,513,1654044376,444335837,,True,True,False,True,POSCTL,4
1654044377.44562,514,1654044377,445195558,,True,True,False,True,POSCTL,4
1654044378.4464006,515,1654044378,446031928,,True,True,False,True,POSCTL,4
1654044379.4443054,516,1654044379,443949224,,True,True,False,True,POSCTL,4
1654044380.44606,517,1654044380,445708279,,True,True,False,True,POSCTL,4
1654044381.4461446,518,1654044381,445605019,,True,True,False,True,POSCTL,4
1654044382.4451308,519,1654044382,444502444,,True,True,False,True,POSCTL,4
1654044383.4458306,520,1654044383,445310147,,True,True,False,True,POSCTL,4
1654044384.4457684,521,1654044384,445194165,,True,True,False,True,POSCTL,4
1654044385.444499,522,1654044385,444032294,,True,True,False,True,POSCTL,4
1654044386.4459374,523,1654044386,445003405,,True,True,False,True,POSCTL,4
1654044387.4469943,524,1654044387,446632312,,True,True,False,True,POSCTL,4
1654044388.4448485,525,1654044388,444446533,,True,True,False,True,POSCTL,4
1654044389.446781,526,1654044389,446336755,,True,True,False,True,POSCTL,4
1654044390.4444401,527,1654044390,444096365,,True,True,False,True,POSCTL,4
1654044391.4463513,528,1654044391,445995180,,True,True,False,True,POSCTL,4
1654044392.4475713,529,1654044392,446830790,,True,True,False,True,POSCTL,4
1654044393.4471354,530,1654044393,446665641,,True,True,False,True,POSCTL,4
1654044394.4470344,531,1654044394,446561382,,True,True,False,True,POSCTL,4
1654044395.4468508,532,1654044395,446363122,,True,True,False,True,POSCTL,4
1654044396.4465594,533,1654044396,446203658,,True,True,False,True,POSCTL,4
1654044397.4463763,534,1654044397,445992620,,True,True,False,True,POSCTL,4
1654044398.4462352,535,1654044398,445838416,,True,True,False,True,POSCTL,4
1654044399.4461436,536,1654044399,445671490,,True,True,False,True,POSCTL,4
1654044400.445877,537,1654044400,445496619,,True,True,False,True,POSCTL,4
1654044401.4460227,538,1654044401,445457692,,True,True,False,True,POSCTL,4
1654044402.4467645,539,1654044402,446284692,,True,True,False,True,POSCTL,4
1654044403.4465427,540,1654044403,446090191,,True,True,False,True,POSCTL,4
1654044404.4452364,541,1654044404,444842339,,True,True,False,True,POSCTL,4
1654044405.4451494,542,1654044405,444695949,,True,True,False,True,POSCTL,4
1654044406.4470117,543,1654044406,446555541,,True,True,False,True,POSCTL,4
1654044407.4467554,544,1654044407,446408429,,True,True,False,True,POSCTL,4
1654044408.4446247,545,1654044408,444227966,,True,True,False,True,POSCTL,4
1654044409.4456518,546,1654044409,445173799,,True,True,False,True,POSCTL,4
1654044410.4474845,547,1654044410,446927983,,True,True,False,True,POSCTL,4
1654044411.446282,548,1654044411,445768705,,True,True,False,True,POSCTL,4
1654044412.4461668,549,1654044412,445658000,,True,True,False,True,POSCTL,4
1654044413.4469082,550,1654044413,446453592,,True,True,False,True,POSCTL,4
1654044414.445592,551,1654044414,445237462,,True,True,False,True,POSCTL,4
1654044415.4464087,552,1654044415,446017962,,True,True,False,True,POSCTL,4
1654044416.4472806,553,1654044416,446899035,,True,True,False,True,POSCTL,4
1654044417.4450934,554,1654044417,444717090,,True,True,False,True,POSCTL,4
1654044418.4469957,555,1654044418,446614219,,True,True,False,True,POSCTL,4
1654044419.4459379,556,1654044419,445466052,,True,True,False,True,POSCTL,4
1654044420.445736,557,1654044420,445276699,,True,True,False,True,POSCTL,4
1654044421.4454398,558,1654044421,445039088,,True,True,False,True,POSCTL,4
1654044422.4462297,559,1654044422,445872272,,True,True,False,True,POSCTL,4
1654044423.445143,560,1654044423,444718790,,True,True,False,True,POSCTL,4
1654044424.4469454,561,1654044424,446584845,,True,True,False,True,POSCTL,4
1654044425.446776,562,1654044425,446411956,,True,True,False,True,POSCTL,4
1654044426.4455621,563,1654044426,445195937,,True,True,False,True,POSCTL,4
1654044427.4464424,564,1654044427,446045973,,True,True,False,True,POSCTL,4
1654044428.4453464,565,1654044428,444932176,,True,True,False,True,POSCTL,4
1654044429.4452093,566,1654044429,444773861,,True,True,False,True,POSCTL,4
1654044430.4459498,567,1654044430,445575323,,True,True,False,True,POSCTL,4
1654044431.4448833,568,1654044431,444437693,,True,True,False,True,POSCTL,4
1654044432.4477675,569,1654044432,447251914,,True,True,False,True,POSCTL,4
1654044433.4456465,570,1654044433,445163266,,True,True,False,True,POSCTL,4
1654044434.4458778,571,1654044434,445003561,,True,True,False,True,POSCTL,4
1654044435.44556,572,1654044435,444843190,,True,True,False,True,POSCTL,4
1654044436.4461272,573,1654044436,445642949,,True,True,False,True,POSCTL,4
1654044437.4481473,574,1654044437,447516689,,True,True,False,True,POSCTL,4
1654044438.4459105,575,1654044438,445314781,,True,True,False,True,POSCTL,4
1654044439.446685,576,1654044439,446143188,,True,True,False,True,POSCTL,4
1654044440.4454145,577,1654044440,444922669,,True,True,False,True,POSCTL,4
1654044441.447302,578,1654044441,446793539,,True,True,False,True,POSCTL,4
1654044442.4449086,579,1654044442,444552501,,True,True,False,True,POSCTL,4
1654044443.447946,580,1654044443,447451908,,True,True,False,True,POSCTL,4
1654044444.4477367,581,1654044444,447236278,,True,True,False,True,POSCTL,4
1654044445.447629,582,1654044445,447131721,,True,True,False,True,POSCTL,4
1654044446.4455116,583,1654044446,444991110,,True,True,False,True,POSCTL,4
1654044447.44534,584,1654044447,444822905,,True,True,False,True,POSCTL,4
1654044448.4460967,585,1654044448,445643609,,True,True,False,True,POSCTL,4
1654044449.4479327,586,1654044449,447447478,,True,True,False,True,POSCTL,4
1654044450.4479587,587,1654044450,447326293,,True,True,False,True,POSCTL,4
1654044451.4456925,588,1654044451,445198403,,True,True,False,True,POSCTL,4
1654044452.4455383,589,1654044452,444986180,,True,True,False,True,POSCTL,4
1654044453.4461422,590,1654044453,445762032,,True,True,False,True,POSCTL,4
1654044454.4470158,591,1654044454,446630549,,True,True,False,True,POSCTL,4
1654044455.445803,592,1654044455,445437919,,True,True,False,True,POSCTL,4
1654044456.4477336,593,1654044456,447297604,,True,True,False,True,POSCTL,4
1654044457.4454968,594,1654044457,445169251,,True,True,False,True,POSCTL,4
1654044458.447464,595,1654044458,446998121,,True,True,False,True,POSCTL,4
1654044459.4473314,596,1654044459,446821417,,True,True,False,True,POSCTL,4
1654044460.4461951,597,1654044460,445643972,,True,True,False,True,POSCTL,4
1654044461.4458134,598,1654044461,445432434,,True,True,False,True,POSCTL,4
1654044462.4477837,599,1654044462,447271397,,True,True,False,True,POSCTL,4
1654044463.4465733,600,1654044463,446166989,,True,True,False,True,POSCTL,4
1654044464.4462962,601,1654044464,445957062,,True,True,False,True,POSCTL,4
1654044465.4451869,602,1654044465,444795098,,True,True,False,True,POSCTL,4
1654044466.4481375,603,1654044466,447659357,,True,True,False,True,POSCTL,4
1654044467.4479973,604,1654044467,447548301,,True,True,False,True,POSCTL,4
1654044468.4469905,605,1654044468,446413208,,True,True,False,True,POSCTL,4
1654044469.4466703,606,1654044469,446215578,,True,True,False,True,POSCTL,4
1654044470.4465053,607,1654044470,446033873,,True,True,False,True,POSCTL,4
1654044471.4483402,608,1654044471,447853095,,True,True,False,True,POSCTL,4
1654044472.446174,609,1654044472,445683039,,True,True,False,True,POSCTL,4
1654044473.447106,610,1654044473,446587557,,True,True,False,True,POSCTL,4
1654044474.4467885,611,1654044474,446380593,,True,True,False,True,POSCTL,4
1654044475.4475734,612,1654044475,447230630,,True,True,False,True,POSCTL,4
1654044476.4453936,613,1654044476,445000851,,True,True,False,True,POSCTL,4
1654044477.4482267,614,1654044477,447848517,,True,True,False,True,POSCTL,4
1654044478.4470704,615,1654044478,446687276,,True,True,False,True,POSCTL,4
1654044479.4481013,616,1654044479,447596016,,True,True,False,True,POSCTL,4
1654044480.447953,617,1654044480,447442460,,True,True,False,True,POSCTL,4
1654044481.4469411,618,1654044481,446285867,,True,True,False,True,POSCTL,4
1654044482.4455917,619,1654044482,445090440,,True,True,False,True,POSCTL,4
1654044483.4465456,620,1654044483,445905958,,True,True,False,True,POSCTL,4
1654044484.4473703,621,1654044484,446782550,,True,True,False,True,POSCTL,4
1654044485.447153,622,1654044485,446624475,,True,True,False,True,POSCTL,4
1654044486.4467497,623,1654044486,446396790,,True,True,False,True,POSCTL,4
1654044487.4466116,624,1654044487,446251178,,True,True,False,True,POSCTL,4
1654044488.4463959,625,1654044488,446036233,,True,True,False,True,POSCTL,4
1654044489.447238,626,1654044489,446873492,,True,True,False,True,POSCTL,4
1654044490.4480875,627,1654044490,447723509,,True,True,False,True,POSCTL,4
1654044491.4482694,628,1654044491,447649416,,True,True,False,True,POSCTL,4
1654044492.446928,629,1654044492,446495990,,True,True,False,True,POSCTL,4
1654044493.4478064,630,1654044493,447317323,,True,True,False,True,POSCTL,4
1654044494.447336,631,1654044494,446143285,,True,True,False,True,POSCTL,4
1654044495.4485254,632,1654044495,448021840,,True,True,False,True,POSCTL,4
1654044496.4485075,633,1654044496,447825561,,True,True,False,True,POSCTL,4
1654044497.4481475,634,1654044497,447690302,,True,True,False,True,POSCTL,4
1654044498.4480195,635,1654044498,447513505,,True,True,False,True,POSCTL,4
1654044499.4458554,636,1654044499,445371745,,True,True,False,True,POSCTL,4
1654044500.4486282,637,1654044500,448151429,,True,True,False,True,POSCTL,4
1654044501.4475033,638,1654044501,447023688,,True,True,False,True,POSCTL,4
1654044502.4484773,639,1654044502,447866188,,True,True,False,True,POSCTL,4
1654044503.4481695,640,1654044503,447718187,,True,True,False,True,POSCTL,4
1654044504.4490583,641,1654044504,448561242,,True,True,False,True,POSCTL,4
1654044505.4479065,642,1654044505,447411575,,True,True,False,True,POSCTL,4
1654044506.4488602,643,1654044506,448245241,,True,True,False,True,POSCTL,4
1654044507.4474866,644,1654044507,447013092,,True,True,False,True,POSCTL,4
1654044508.4463873,645,1654044508,445905925,,True,True,False,True,POSCTL,4
1654044509.4482398,646,1654044509,447719720,,True,True,False,True,POSCTL,4
1654044510.4480464,647,1654044510,447572442,,True,True,False,True,POSCTL,4
1654044511.4459367,648,1654044511,445441182,,True,True,False,True,POSCTL,4
1654044512.446812,649,1654044512,446264830,,True,True,False,True,POSCTL,4
1654044513.4486132,650,1654044513,448059607,,True,True,False,True,POSCTL,4
1654044514.446208,651,1654044514,445845569,,True,True,False,True,POSCTL,4
1654044515.4460497,652,1654044515,445702661,,True,True,False,True,POSCTL,4
1654044516.4478576,653,1654044516,447508790,,True,True,False,True,POSCTL,4
1654044517.4476771,654,1654044517,447319697,,True,True,False,True,POSCTL,4
1654044518.44766,655,1654044518,447229104,,True,True,False,True,POSCTL,4
1654044519.4496899,656,1654044519,449077085,,True,True,False,True,POSCTL,4
1654044520.4462163,657,1654044520,445862936,,True,True,False,True,POSCTL,4
1654044521.4480371,658,1654044521,447681602,,True,True,False,True,POSCTL,4
1654044522.4458911,659,1654044522,445554453,,True,True,False,True,POSCTL,4
1654044523.4487305,660,1654044523,448358768,,True,True,False,True,POSCTL,4
1654044524.4466696,661,1654044524,446226971,,True,True,False,True,POSCTL,4
1654044525.4485912,662,1654044525,448154840,,True,True,False,True,POSCTL,4
1654044526.4474144,663,1654044526,446961673,,True,True,False,True,POSCTL,4
1654044527.4473202,664,1654044527,446825506,,True,True,False,True,POSCTL,4
1654044528.4480972,665,1654044528,447614894,,True,True,False,True,POSCTL,4
1654044529.446955,666,1654044529,446480208,,True,True,False,True,POSCTL,4
1654044530.446595,667,1654044530,446237467,,True,True,False,True,POSCTL,4
1654044531.447584,668,1654044531,447155911,,True,True,False,True,POSCTL,4
1654044532.4462712,669,1654044532,445915596,,True,True,False,True,POSCTL,4
1654044533.4493797,670,1654044533,448750780,,True,True,False,True,POSCTL,4
1654044534.447994,671,1654044534,447570465,,True,True,False,True,POSCTL,4
1654044535.4471421,672,1654044535,446526557,,True,True,False,True,POSCTL,4
1654044536.449902,673,1654044536,449266760,,True,True,False,True,POSCTL,4
1654044537.4494948,674,1654044537,449118204,,True,True,False,True,POSCTL,4
1654044538.4473052,675,1654044538,446939944,,True,True,False,True,POSCTL,4
1654044539.4481452,676,1654044539,447761777,,True,True,False,True,POSCTL,4
1654044540.4489913,677,1654044540,448604906,,True,True,False,True,POSCTL,4
1654044541.4468513,678,1654044541,446488868,,True,True,False,True,POSCTL,4
1654044542.4486938,679,1654044542,448360812,,True,True,False,True,POSCTL,4
1654044543.4485114,680,1654044543,448146459,,True,True,False,True,POSCTL,4
1654044544.4473412,681,1654044544,446986366,,True,True,False,True,POSCTL,4
1654044545.448199,682,1654044545,447796662,,True,True,False,True,POSCTL,4
1654044546.4490597,683,1654044546,448672532,,True,True,False,True,POSCTL,4
1654044547.4479764,684,1654044547,447552235,,True,True,False,True,POSCTL,4
1654044548.447702,685,1654044548,447338919,,True,True,False,True,POSCTL,4
1654044549.4475322,686,1654044549,447176752,,True,True,False,True,POSCTL,4
1654044550.4463751,687,1654044550,446005289,,True,True,False,True,POSCTL,4
1654044551.4475048,688,1654044551,446891640,,True,True,False,True,POSCTL,4
1654044552.4490793,689,1654044552,448689473,,True,True,False,True,POSCTL,4
1654044553.4478946,690,1654044553,447520805,,True,True,False,True,POSCTL,4
1654044554.447788,691,1654044554,447376119,,True,True,False,True,POSCTL,4
1654044555.449585,692,1654044555,449207582,,True,True,False,True,POSCTL,4
1654044556.4484441,693,1654044556,448052637,,True,True,False,True,POSCTL,4
1654044557.4474428,694,1654044557,446922821,,True,True,False,True,POSCTL,4
1654044558.4485254,695,1654044558,447809210,,True,True,False,True,POSCTL,4
1654044559.4484231,696,1654044559,447652172,,True,True,False,True,POSCTL,4
1654044560.4470077,697,1654044560,446503949,,True,True,False,True,POSCTL,4
1654044561.4465787,698,1654044561,446233856,,True,True,False,True,POSCTL,4
1654044562.4484475,699,1654044562,448057078,,True,True,False,True,POSCTL,4
1654044563.4494526,700,1654044563,448971336,,True,True,False,True,POSCTL,4
1654044564.44713,701,1654044564,446741169,,True,True,False,True,POSCTL,4
1654044565.4490163,702,1654044565,448638798,,True,True,False,True,POSCTL,4
1654044566.4490612,703,1654044566,448535131,,True,True,False,True,POSCTL,4
1654044567.4477894,704,1654044567,447322186,,True,True,False,True,POSCTL,4
1654044568.4486828,705,1654044568,448169778,,True,True,False,True,POSCTL,4
1654044569.4498613,706,1654044569,449026740,,True,True,False,True,POSCTL,4
1654044570.45041,707,1654044570,449896443,,True,True,False,True,POSCTL,4
1654044571.448963,708,1654044571,448647980,,True,True,False,True,POSCTL,4
1654044572.4468393,709,1654044572,446476794,,True,True,False,True,POSCTL,4
1654044573.448696,710,1654044573,448330275,,True,True,False,True,POSCTL,4
1654044574.4494517,711,1654044574,449150533,,True,True,False,True,POSCTL,4
1654044575.449362,712,1654044575,448982551,,True,True,False,True,POSCTL,4
1654044576.4482548,713,1654044576,447826551,,True,True,False,True,POSCTL,4
1654044577.4480345,714,1654044577,447694069,,True,True,False,True,POSCTL,4
1654044578.4478805,715,1654044578,447526142,,True,True,False,True,POSCTL,4
1654044579.4486878,716,1654044579,448320012,,True,True,False,True,POSCTL,4
1654044580.4485593,717,1654044580,448198826,,True,True,False,True,POSCTL,4
1654044581.4474216,718,1654044581,447024696,,True,True,False,True,POSCTL,4
1654044582.4473073,719,1654044582,446895566,,True,True,False,True,POSCTL,4
1654044583.4500816,720,1654044583,449750269,,True,True,False,True,POSCTL,4
1654044584.446886,721,1654044584,446529250,,True,True,False,True,POSCTL,4
1654044585.448732,722,1654044585,448366601,,True,True,False,True,POSCTL,4
1654044586.4478257,723,1654044586,447283786,,True,True,False,True,POSCTL,4
1654044587.4486485,724,1654044587,448088433,,True,True,False,True,POSCTL,4
1654044588.4474761,725,1654044588,446985433,,True,True,False,True,POSCTL,4
1654044589.4499435,726,1654044589,448807599,,True,True,False,True,POSCTL,4
1654044590.4471667,727,1654044590,446647468,,True,True,False,True,POSCTL,4
1654044591.448897,728,1654044591,448421653,,True,True,False,True,POSCTL,4
1654044592.4478576,729,1654044592,447308912,,True,True,False,True,POSCTL,4
1654044593.4494288,730,1654044593,449084818,,True,True,False,True,POSCTL,4
1654044594.4472647,731,1654044594,446913670,,True,True,False,True,POSCTL,4
1654044595.447131,732,1654044595,446765688,,True,True,False,True,POSCTL,4
1654044596.447952,733,1654044596,447560946,,True,True,False,True,POSCTL,4
1654044597.449793,734,1654044597,449468261,,True,True,False,True,POSCTL,4
1654044598.4478302,735,1654044598,447353649,,True,True,False,True,POSCTL,4
1654044599.448769,736,1654044599,448212907,,True,True,False,True,POSCTL,4
1654044600.4494517,737,1654044600,448998740,,True,True,False,True,POSCTL,4
1654044601.4473245,738,1654044601,446843758,,True,True,False,True,POSCTL,4
1654044602.4500878,739,1654044602,449670961,,True,True,False,True,POSCTL,4
1654044603.4481947,740,1654044603,447679331,,True,True,False,True,POSCTL,4
1654044604.4478986,741,1654044604,447322219,,True,True,False,True,POSCTL,4
1654044605.4498034,742,1654044605,449356774,,True,True,False,True,POSCTL,4
1654044606.4485571,743,1654044606,448053977,,True,True,False,True,POSCTL,4
1654044607.4482725,744,1654044607,447816162,,True,True,False,True,POSCTL,4
1654044608.4481642,745,1654044608,447686680,,True,True,False,True,POSCTL,4
1654044609.44919,746,1654044609,448529364,,True,True,False,True,POSCTL,4
1654044610.4479868,747,1654044610,447414327,,True,True,False,True,POSCTL,4
1654044611.449673,748,1654044611,449234641,,True,True,False,True,POSCTL,4
1654044612.447498,749,1654044612,447036196,,True,True,False,True,POSCTL,4
1654044613.4483702,750,1654044613,447840529,,True,True,False,True,POSCTL,4
1654044614.4493687,751,1654044614,448790195,,True,True,False,True,POSCTL,4
1654044615.4500191,752,1654044615,449563639,,True,True,False,True,POSCTL,4
1654044616.4498951,753,1654044616,449380490,,True,True,False,True,POSCTL,4
1654044617.4477086,754,1654044617,447258212,,True,True,False,True,POSCTL,4
1654044618.4485047,755,1654044618,448023100,,True,True,False,True,POSCTL,4
1654044619.4494019,756,1654044619,448868840,,True,True,False,True,POSCTL,4
1654044620.4480374,757,1654044620,447707302,,True,True,False,True,POSCTL,4
1654044621.4508002,758,1654044621,450487598,,True,True,False,True,POSCTL,4
1654044622.4508016,759,1654044622,450445486,,True,True,False,True,POSCTL,4
1654044623.4505033,760,1654044623,450189152,,True,True,False,True,POSCTL,4
1654044624.4483962,761,1654044624,448031041,,True,True,False,True,POSCTL,4
1654044625.448404,762,1654044625,447929392,,True,True,False,True,POSCTL,4
1654044626.4484499,763,1654044626,447780632,,True,True,False,True,POSCTL,4
1654044627.4498897,764,1654044627,449574224,,True,True,False,True,POSCTL,4
1654044628.4497843,765,1654044628,449417279,,True,True,False,True,POSCTL,4
1654044629.4495735,766,1654044629,449247297,,True,True,False,True,POSCTL,4
1654044630.448411,767,1654044630,448045741,,True,True,False,True,POSCTL,4
1654044631.4502418,768,1654044631,449918037,,True,True,False,True,POSCTL,4
1654044632.4482672,769,1654044632,447793129,,True,True,False,True,POSCTL,4
1654044633.451142,770,1654044633,450591665,,True,True,False,True,POSCTL,4
1654044634.4480305,771,1654044634,447525553,,True,True,False,True,POSCTL,4
1654044635.4486067,772,1654044635,448253608,,True,True,False,True,POSCTL,4
1654044636.4494467,773,1654044636,449126589,,True,True,False,True,POSCTL,4
1654044637.450238,774,1654044637,449911829,,True,True,False,True,POSCTL,4
1654044638.4481738,775,1654044638,447794551,,True,True,False,True,POSCTL,4
1654044639.448947,776,1654044639,448631661,,True,True,False,True,POSCTL,4
1654044640.4499187,777,1654044640,449510827,,True,True,False,True,POSCTL,4
1654044641.4477859,778,1654044641,447339568,,True,True,False,True,POSCTL,4
1654044642.4506855,779,1654044642,450158067,,True,True,False,True,POSCTL,4
1654044643.450486,780,1654044643,450059363,,True,True,False,True,POSCTL,4
1654044644.4503434,781,1654044644,449856288,,True,True,False,True,POSCTL,4
1654044645.448278,782,1654044645,447729917,,True,True,False,True,POSCTL,4
1654044646.44902,783,1654044646,448498009,,True,True,False,True,POSCTL,4
1654044647.4488902,784,1654044647,448358046,,True,True,False,True,POSCTL,4
1654044648.4507341,785,1654044648,450231434,,True,True,False,True,POSCTL,4
1654044649.450482,786,1654044649,450036600,,True,True,False,True,POSCTL,4
1654044650.4503822,787,1654044650,449836470,,True,True,False,True,POSCTL,4
1654044651.4501894,788,1654044651,449750932,,True,True,False,True,POSCTL,4
1654044652.447983,789,1654044652,447529561,,True,True,False,True,POSCTL,4
1654044653.4507995,790,1654044653,450359023,,True,True,False,True,POSCTL,4
1654044654.4495506,791,1654044654,449207060,,True,True,False,True,POSCTL,4
1654044655.448333,792,1654044655,447982115,,True,True,False,True,POSCTL,4
1654044656.4481823,793,1654044656,447835855,,True,True,False,True,POSCTL,4
1654044657.4501739,794,1654044657,449755984,,True,True,False,True,POSCTL,4
1654044658.4488873,795,1654044658,448538724,,True,True,False,True,POSCTL,4
1654044659.450896,796,1654044659,450403742,,True,True,False,True,POSCTL,4
1654044660.4485362,797,1654044660,448166186,,True,True,False,True,POSCTL,4
1654044661.450409,798,1654044661,450068889,,True,True,False,True,POSCTL,4
1654044662.4502687,799,1654044662,449918833,,True,True,False,True,POSCTL,4
1654044663.4500823,800,1654044663,449711258,,True,True,False,True,POSCTL,4
1654044664.4498878,801,1654044664,449550591,,True,True,False,True,POSCTL,4
1654044665.4489536,802,1654044665,448485590,,True,True,False,True,POSCTL,4
1654044666.4507143,803,1654044666,450273201,,True,True,False,True,POSCTL,4
1654044667.4498496,804,1654044667,449220534,,True,True,False,True,POSCTL,4
1654044668.4485135,805,1654044668,448021940,,True,True,False,True,POSCTL,4
1654044669.451302,806,1654044669,450774921,,True,True,False,True,POSCTL,4
1654044670.4500556,807,1654044670,449626995,,True,True,False,True,POSCTL,4
1654044671.4489233,808,1654044671,448471068,,True,True,False,True,POSCTL,4
1654044672.4487553,809,1654044672,448297901,,True,True,False,True,POSCTL,4
1654044673.451535,810,1654044673,451114512,,True,True,False,True,POSCTL,4
1654044674.4484658,811,1654044674,447987122,,True,True,False,True,POSCTL,4
1654044675.450278,812,1654044675,449828010,,True,True,False,True,POSCTL,4
1654044676.4511166,813,1654044676,450684510,,True,True,False,True,POSCTL,4
1654044677.4509163,814,1654044677,450501324,,True,True,False,True,POSCTL,4
1654044678.450797,815,1654044678,450358842,,True,True,False,True,POSCTL,4
1654044679.450702,816,1654044679,450252249,,True,True,False,True,POSCTL,4
1654044680.4504442,817,1654044680,450031730,,True,True,False,True,POSCTL,4
1654044681.4503214,818,1654044681,449881877,,True,True,False,True,POSCTL,4
1654044682.4501824,819,1654044682,449747988,,True,True,False,True,POSCTL,4
1654044683.451041,820,1654044683,450558672,,True,True,False,True,POSCTL,4
1654044684.4518306,821,1654044684,451378394,,True,True,False,True,POSCTL,4
1654044685.4507217,822,1654044685,450240393,,True,True,False,True,POSCTL,4
1654044686.4505348,823,1654044686,450102393,,True,True,False,True,POSCTL,4
1654044687.4504323,824,1654044687,449952114,,True,True,False,True,POSCTL,4
1654044688.4501953,825,1654044688,449748817,,True,True,False,True,POSCTL,4
1654044689.4488924,826,1654044689,448530076,,True,True,False,True,POSCTL,4
1654044690.450789,827,1654044690,450444409,,True,True,False,True,POSCTL,4
1654044691.4506044,828,1654044691,450245871,,True,True,False,True,POSCTL,4
1654044692.4486039,829,1654044692,448118556,,True,True,False,True,POSCTL,4
1654044693.4493861,830,1654044693,448928111,,True,True,False,True,POSCTL,4
1654044694.4513478,831,1654044694,450825851,,True,True,False,True,POSCTL,4
1654044695.451046,832,1654044695,450587017,,True,True,False,True,POSCTL,4
1654044696.4518998,833,1654044696,451438776,,True,True,False,True,POSCTL,4
1654044697.4488564,834,1654044697,448362942,,True,True,False,True,POSCTL,4
1654044698.450615,835,1654044698,450179571,,True,True,False,True,POSCTL,4
1654044699.4514637,836,1654044699,451018829,,True,True,False,True,POSCTL,4
1654044700.4493473,837,1654044700,448814644,,True,True,False,True,POSCTL,4
1654044701.4510903,838,1654044701,450673439,,True,True,False,True,POSCTL,4
1654044702.4509425,839,1654044702,450524457,,True,True,False,True,POSCTL,4
1654044703.4508107,840,1654044703,450394142,,True,True,False,True,POSCTL,4
1654044704.4516382,841,1654044704,451196752,,True,True,False,True,POSCTL,4
1654044705.4514542,842,1654044705,450999141,,True,True,False,True,POSCTL,4
1654044706.4521387,843,1654044706,451798640,,True,True,False,True,POSCTL,4
1654044707.4490645,844,1654044707,448692788,,True,True,False,True,POSCTL,4
1654044708.4488554,845,1654044708,448482083,,True,True,False,True,POSCTL,4
1654044709.4486868,846,1654044709,448359768,,True,True,False,True,POSCTL,4
1654044710.4496298,847,1654044710,449228545,,True,True,False,True,POSCTL,4
1654044711.4514527,848,1654044711,451052230,,True,True,False,True,POSCTL,4
1654044712.4512737,849,1654044712,450845692,,True,True,False,True,POSCTL,4
1654044713.4490633,850,1654044713,448718636,,True,True,False,True,POSCTL,4
1654044714.4508708,851,1654044714,450542691,,True,True,False,True,POSCTL,4
1654044715.4507039,852,1654044715,450378042,,True,True,False,True,POSCTL,4
1654044716.4496095,853,1654044716,449231208,,True,True,False,True,POSCTL,4
1654044717.4504185,854,1654044717,450105115,,True,True,False,True,POSCTL,4
1654044718.451308,855,1654044718,450880985,,True,True,False,True,POSCTL,4
1654044719.4522326,856,1654044719,451735003,,True,True,False,True,POSCTL,4
1654044720.4510558,857,1654044720,450630243,,True,True,False,True,POSCTL,4
1654044721.4517083,858,1654044721,451374372,,True,True,False,True,POSCTL,4
1654044722.4516191,859,1654044722,451292242,,True,True,False,True,POSCTL,4
1654044723.451355,860,1654044723,451047982,,True,True,False,True,POSCTL,4
1654044724.4512649,861,1654044724,450951129,,True,True,False,True,POSCTL,4
1654044725.4510858,862,1654044725,450759406,,True,True,False,True,POSCTL,4
1654044726.4499066,863,1654044726,449576406,,True,True,False,True,POSCTL,4
1654044727.450783,864,1654044727,450451739,,True,True,False,True,POSCTL,4
1654044728.4496112,865,1654044728,449275979,,True,True,False,True,POSCTL,4
1654044729.4504898,866,1654044729,450170163,,True,True,False,True,POSCTL,4
1654044730.451314,867,1654044730,450972644,,True,True,False,True,POSCTL,4
1654044731.449506,868,1654044731,448904570,,True,True,False,True,POSCTL,4
1654044732.4520478,869,1654044732,451612587,,True,True,False,True,POSCTL,4
1654044733.4499452,870,1654044733,449472050,,True,True,False,True,POSCTL,4
1654044734.449828,871,1654044734,449311160,,True,True,False,True,POSCTL,4
1654044735.4516244,872,1654044735,451178826,,True,True,False,True,POSCTL,4
1654044736.451435,873,1654044736,451007122,,True,True,False,True,POSCTL,4
1654044737.4511425,874,1654044737,450829399,,True,True,False,True,POSCTL,4
1654044738.4510384,875,1654044738,450679621,,True,True,False,True,POSCTL,4
1654044739.4518378,876,1654044739,451507583,,True,True,False,True,POSCTL,4
1654044740.4516876,877,1654044740,451360823,,True,True,False,True,POSCTL,4
1654044741.4514809,878,1654044741,451172823,,True,True,False,True,POSCTL,4
1654044742.4516208,879,1654044742,451123526,,True,True,False,True,POSCTL,4
1654044743.452133,880,1654044743,451806525,,True,True,False,True,POSCTL,4
1654044744.4500551,881,1654044744,449677765,,True,True,False,True,POSCTL,4
1654044745.450865,882,1654044745,450504635,,True,True,False,True,POSCTL,4
1654044746.4516814,883,1654044746,451362135,,True,True,False,True,POSCTL,4
1654044747.4515088,884,1654044747,451193060,,True,True,False,True,POSCTL,4
1654044748.4525652,885,1654044748,452076596,,True,True,False,True,POSCTL,4
1654044749.4494405,886,1654044749,448907837,,True,True,False,True,POSCTL,4
1654044750.4532738,887,1654044750,452753540,,True,True,False,True,POSCTL,4
1654044751.4510353,888,1654044751,450584095,,True,True,False,True,POSCTL,4
1654044752.4509218,889,1654044752,450450113,,True,True,False,True,POSCTL,4
1654044753.45169,890,1654044753,451250168,,True,True,False,True,POSCTL,4
1654044754.4514987,891,1654044754,451078074,,True,True,False,True,POSCTL,4
1654044755.4523728,892,1654044755,451900963,,True,True,False,True,POSCTL,4
1654044756.452199,893,1654044756,451764721,,True,True,False,True,POSCTL,4
1654044757.4510767,894,1654044757,450610591,,True,True,False,True,POSCTL,4
1654044758.4508708,895,1654044758,450445868,,True,True,False,True,POSCTL,4
1654044759.4517548,896,1654044759,451289294,,True,True,False,True,POSCTL,4
1654044760.4506466,897,1654044760,450119404,,True,True,False,True,POSCTL,4
1654044761.4523482,898,1654044761,451908089,,True,True,False,True,POSCTL,4
1654044762.450294,899,1654044762,449785810,,True,True,False,True,POSCTL,4
1654044763.4510326,900,1654044763,450615347,,True,True,False,True,POSCTL,4
1654044764.450921,901,1654044764,450413605,,True,True,False,True,POSCTL,4
1654044765.4497516,902,1654044765,449288197,,True,True,False,True,POSCTL,4
1654044766.4524314,903,1654044766,452091863,,True,True,False,True,POSCTL,4
1654044767.4512513,904,1654044767,450948363,,True,True,False,True,POSCTL,4
1654044768.4511774,905,1654044768,450832122,,True,True,False,True,POSCTL,4
1654044769.449935,906,1654044769,449621806,,True,True,False,True,POSCTL,4
1654044770.4517698,907,1654044770,451406824,,True,True,False,True,POSCTL,4
1654044771.4519167,908,1654044771,451386620,,True,True,False,True,POSCTL,4
1654044772.4537306,909,1654044772,453197767,,True,True,False,True,POSCTL,4
1654044773.450437,910,1654044773,450005063,,True,True,False,True,POSCTL,4
1654044774.4521449,911,1654044774,451806155,,True,True,False,True,POSCTL,4
1654044775.4499366,912,1654044775,449646321,,True,True,False,True,POSCTL,4
1654044776.4498188,913,1654044776,449505061,,True,True,False,True,POSCTL,4
1654044777.452659,914,1654044777,452276542,,True,True,False,True,POSCTL,4
1654044778.4504566,915,1654044778,450130282,,True,True,False,True,POSCTL,4
1654044779.452406,916,1654044779,452021059,,True,True,False,True,POSCTL,4
1654044780.451342,917,1654044780,450892837,,True,True,False,True,POSCTL,4
1654044781.4519806,918,1654044781,451653410,,True,True,False,True,POSCTL,4
1654044782.4498293,919,1654044782,449518243,,True,True,False,True,POSCTL,4
1654044783.4526515,920,1654044783,452329279,,True,True,False,True,POSCTL,4
1654044784.4524982,921,1654044784,452176464,,True,True,False,True,POSCTL,4
1654044785.45236,922,1654044785,452017704,,True,True,False,True,POSCTL,4
1654044786.452429,923,1654044786,451925889,,True,True,False,True,POSCTL,4
1654044787.4521925,924,1654044787,451745703,,True,True,False,True,POSCTL,4
1654044788.4520411,925,1654044788,451583184,,True,True,False,True,POSCTL,4
1654044789.4528077,926,1654044789,452388313,,True,True,False,True,POSCTL,4
1654044790.4506536,927,1654044790,450238516,,True,True,False,True,POSCTL,4
1654044791.4525077,928,1654044791,452066126,,True,True,False,True,POSCTL,4
1654044792.4523296,929,1654044792,451917274,,True,True,False,True,POSCTL,4
1654044793.4502385,930,1654044793,449799292,,True,True,False,True,POSCTL,4
1654044794.4530523,931,1654044794,452535199,,True,True,False,True,POSCTL,4
1654044795.4528048,932,1654044795,452374068,,True,True,False,True,POSCTL,4
1654044796.4526534,933,1654044796,452262512,,True,True,False,True,POSCTL,4
1654044797.452655,934,1654044797,452201030,,True,True,False,True,POSCTL,4
1654044798.4524047,935,1654044798,451954715,,True,True,False,True,POSCTL,4
1654044799.452255,936,1654044799,451757585,,True,True,False,True,POSCTL,4
1654044800.4510322,937,1654044800,450578028,,True,True,False,True,POSCTL,4
1654044801.4519324,938,1654044801,451478583,,True,True,False,True,POSCTL,4
1654044802.4507787,939,1654044802,450326509,,True,True,False,True,POSCTL,4
1654044803.4525182,940,1654044803,452103064,,True,True,False,True,POSCTL,4
1654044804.4534082,941,1654044804,452923304,,True,True,False,True,POSCTL,4
1654044805.4502318,942,1654044805,449802933,,True,True,False,True,POSCTL,4
1654044806.451948,943,1654044806,451622858,,True,True,False,True,POSCTL,4
1654044807.452774,944,1654044807,452420987,,True,True,False,True,POSCTL,4
1654044808.4526606,945,1654044808,452294487,,True,True,False,True,POSCTL,4
1654044809.4514396,946,1654044809,451097616,,True,True,False,True,POSCTL,4
1654044810.4517713,947,1654044810,451097763,,True,True,False,True,POSCTL,4
1654044811.453312,948,1654044811,452808226,,True,True,False,True,POSCTL,4
1654044812.4510841,949,1654044812,450657688,,True,True,False,True,POSCTL,4
1654044813.4540985,950,1654044813,453577576,,True,True,False,True,POSCTL,4
1654044814.4518015,951,1654044814,451348205,,True,True,False,True,POSCTL,4
1654044815.451693,952,1654044815,451240168,,True,True,False,True,POSCTL,4
1654044816.4524887,953,1654044816,452037630,,True,True,False,True,POSCTL,4
1654044817.4536135,954,1654044817,452830592,,True,True,False,True,POSCTL,4
1654044818.452143,955,1654044818,451712221,,True,True,False,True,POSCTL,4
1654044819.4521532,956,1654044819,451555332,,True,True,False,True,POSCTL,4
1654044820.4528077,957,1654044820,452337905,,True,True,False,True,POSCTL,4
1654044821.4516277,958,1654044821,451216831,,True,True,False,True,POSCTL,4
1654044822.4524593,959,1654044822,452054552,,True,True,False,True,POSCTL,4
1654044823.4534025,960,1654044823,452869015,,True,True,False,True,POSCTL,4
1654044824.4511724,961,1654044824,450728125,,True,True,False,True,POSCTL,4
1654044825.4531443,962,1654044825,452539958,,True,True,False,True,POSCTL,4
1654044826.450804,963,1654044826,450407346,,True,True,False,True,POSCTL,4
1654044827.4526918,964,1654044827,452317327,,True,True,False,True,POSCTL,4
1654044828.4533768,965,1654044828,453019308,,True,True,False,True,POSCTL,4
1654044829.4532113,966,1654044829,452851585,,True,True,False,True,POSCTL,4
1654044830.451038,967,1654044830,450714955,,True,True,False,True,POSCTL,4
1654044831.4529185,968,1654044831,452578751,,True,True,False,True,POSCTL,4
1654044832.4518044,969,1654044832,451388713,,True,True,False,True,POSCTL,4
1654044833.4516845,970,1654044833,451276620,,True,True,False,True,POSCTL,4
1654044834.4536417,971,1654044834,453069027,,True,True,False,True,POSCTL,4
1654044835.4523861,972,1654044835,451965452,,True,True,False,True,POSCTL,4
1654044836.4513078,973,1654044836,450750285,,True,True,False,True,POSCTL,4
1654044837.4511037,974,1654044837,450643210,,True,True,False,True,POSCTL,4
1654044838.4529302,975,1654044838,452436246,,True,True,False,True,POSCTL,4
1654044839.4517956,976,1654044839,451277301,,True,True,False,True,POSCTL,4
1654044840.45139,977,1654044840,451071523,,True,True,False,True,POSCTL,4
1654044841.453314,978,1654044841,452952060,,True,True,False,True,POSCTL,4
1654044842.4521282,979,1654044842,451802263,,True,True,False,True,POSCTL,4
1654044843.4529765,980,1654044843,452651558,,True,True,False,True,POSCTL,4
1654044844.451736,981,1654044844,451423095,,True,True,False,True,POSCTL,4
1654044845.4527273,982,1654044845,452349076,,True,True,False,True,POSCTL,4
1654044846.4546475,983,1654044846,454163520,,True,True,False,True,POSCTL,4
1654044847.4515338,984,1654044847,451054074,,True,True,False,True,POSCTL,4
1654044848.4513092,985,1654044848,450868666,,True,True,False,True,POSCTL,4
1654044849.4511406,986,1654044849,450747333,,True,True,False,True,POSCTL,4
1654044850.4528244,987,1654044850,452507425,,True,True,False,True,POSCTL,4
1654044851.4519966,988,1654044851,451500554,,True,True,False,True,POSCTL,4
1654044852.4535894,989,1654044852,453229034,,True,True,False,True,POSCTL,4
1654044853.453399,990,1654044853,453041312,,True,True,False,True,POSCTL,4
1654044854.45223,991,1654044854,451824589,,True,True,False,True,POSCTL,4
1654044855.453323,992,1654044855,452753236,,True,True,False,True,POSCTL,4
1654044856.4529784,993,1654044856,452567199,,True,True,False,True,POSCTL,4
1654044857.453879,994,1654044857,453381420,,True,True,False,True,POSCTL,4
1654044858.451695,995,1654044858,451258142,,True,True,False,True,POSCTL,4
1654044859.4535751,996,1654044859,453089549,,True,True,False,True,POSCTL,4
1654044860.4543421,997,1654044860,453909622,,True,True,False,True,POSCTL,4
1654044861.453238,998,1654044861,452777974,,True,True,False,True,POSCTL,4
1654044862.4532218,999,1654044862,452706566,,True,True,False,True,POSCTL,4
1654044863.453864,1000,1654044863,453418787,,True,True,False,True,POSCTL,4
1654044864.4518123,1001,1654044864,451365101,,True,True,False,True,POSCTL,4
1654044865.4516995,1002,1654044865,451169156,,True,True,False,True,POSCTL,4
1654044866.4535036,1003,1654044866,453003137,,True,True,False,True,POSCTL,4
1654044867.4531324,1004,1654044867,452788544,,True,True,False,True,POSCTL,4
1654044868.4529285,1005,1654044868,452622469,,True,True,False,True,POSCTL,4
1654044869.452782,1006,1654044869,452449432,,True,True,False,True,POSCTL,4
1654044870.4535904,1007,1654044870,453279783,,True,True,False,True,POSCTL,4
1654044871.4534461,1008,1654044871,453086060,,True,True,False,True,POSCTL,4
1654044872.453534,1009,1654044872,452986597,,True,True,False,True,POSCTL,4
1654044873.4534154,1010,1654044873,452866374,,True,True,False,True,POSCTL,4
1654044874.4519794,1011,1654044874,451623373,,True,True,False,True,POSCTL,4
1654044875.4539356,1012,1654044875,453563576,,True,True,False,True,POSCTL,4
1654044876.4516995,1013,1654044876,451384872,,True,True,False,True,POSCTL,4
1654044877.4535327,1014,1654044877,453175871,,True,True,False,True,POSCTL,4
1654044878.4533727,1015,1654044878,453015408,,True,True,False,True,POSCTL,4
1654044879.4540966,1016,1654044879,452873333,,True,True,False,True,POSCTL,4
1654044880.453211,1017,1654044880,452732092,,True,True,False,True,POSCTL,4
1654044881.454183,1018,1654044881,453617369,,True,True,False,True,POSCTL,4
1654044882.4537218,1019,1654044882,453358961,,True,True,False,True,POSCTL,4
1654044883.4535432,1020,1654044883,453214720,,True,True,False,True,POSCTL,4
1654044884.4533877,1021,1654044884,453023034,,True,True,False,True,POSCTL,4
1654044885.4522152,1022,1654044885,451877811,,True,True,False,True,POSCTL,4
1654044886.4541018,1023,1654044886,453726273,,True,True,False,True,POSCTL,4
1654044887.45305,1024,1654044887,452628236,,True,True,False,True,POSCTL,4
1654044888.4519134,1025,1654044888,451496809,,True,True,False,True,POSCTL,4
1654044889.4547145,1026,1654044889,454249253,,True,True,False,True,POSCTL,4
1654044890.4526973,1027,1654044890,452196216,,True,True,False,True,POSCTL,4
1654044891.453489,1028,1654044891,452968456,,True,True,False,True,POSCTL,4
1654044892.452219,1029,1654044892,451782140,,True,True,False,True,POSCTL,4
1654044893.4541063,1030,1654044893,453616714,,True,True,False,True,POSCTL,4
1654044894.4538727,1031,1654044894,453435769,,True,True,False,True,POSCTL,4
1654044895.4538145,1032,1654044895,453329194,,True,True,False,True,POSCTL,4
1654044896.4525592,1033,1654044896,452121397,,True,True,False,True,POSCTL,4
1654044897.454441,1034,1654044897,453944137,,True,True,False,True,POSCTL,4
1654044898.4532413,1035,1654044898,452820692,,True,True,False,True,POSCTL,4
1654044899.452204,1036,1654044899,451672099,,True,True,False,True,POSCTL,4
1654044900.4539769,1037,1654044900,453503784,,True,True,False,True,POSCTL,4
1654044901.4519045,1038,1654044901,451432357,,True,True,False,True,POSCTL,4
1654044902.4516625,1039,1654044902,451202986,,True,True,False,True,POSCTL,4
1654044903.4545443,1040,1654044903,454072041,,True,True,False,True,POSCTL,4
1654044904.4543674,1041,1654044904,453906022,,True,True,False,True,POSCTL,4
1654044905.4540596,1042,1654044905,453644595,,True,True,False,True,POSCTL,4
1654044906.4539454,1043,1654044906,453519965,,True,True,False,True,POSCTL,4
1654044907.4538238,1044,1654044907,453355798,,True,True,False,True,POSCTL,4
1654044908.4536583,1045,1654044908,453224705,,True,True,False,True,POSCTL,4
1654044909.452486,1046,1654044909,452018019,,True,True,False,True,POSCTL,4
1654044910.4534192,1047,1654044910,452929852,,True,True,False,True,POSCTL,4
1654044911.4523578,1048,1654044911,451794110,,True,True,False,True,POSCTL,4
1654044912.453873,1049,1654044912,453533573,,True,True,False,True,POSCTL,4
1654044913.451681,1050,1654044913,451376331,,True,True,False,True,POSCTL,4
1654044914.4535606,1051,1654044914,453215720,,True,True,False,True,POSCTL,4
1654044915.4523904,1052,1654044915,452057719,,True,True,False,True,POSCTL,4
1654044916.4542613,1053,1654044916,453902533,,True,True,False,True,POSCTL,4
1654044917.4520833,1054,1654044917,451737144,,True,True,False,True,POSCTL,4
1654044918.4539316,1055,1654044918,453583217,,True,True,False,True,POSCTL,4
1654044919.4528275,1056,1654044919,452430476,,True,True,False,True,POSCTL,4
1654044920.454625,1057,1654044920,454243864,,True,True,False,True,POSCTL,4
1654044921.4525292,1058,1654044921,452110993,,True,True,False,True,POSCTL,4
1654044922.4523904,1059,1654044922,451944233,,True,True,False,True,POSCTL,4
1654044923.4532735,1060,1654044923,452790288,,True,True,False,True,POSCTL,4
1654044924.454077,1061,1654044924,453668454,,True,True,False,True,POSCTL,4
1654044925.45385,1062,1654044925,453425139,,True,True,False,True,POSCTL,4
1654044926.4528213,1063,1654044926,452320027,,True,True,False,True,POSCTL,4
1654044927.4546356,1064,1654044927,454156323,,True,True,False,True,POSCTL,4
1654044928.4523869,1065,1654044928,451967230,,True,True,False,True,POSCTL,4
1654044929.4541745,1066,1654044929,453785414,,True,True,False,True,POSCTL,4
1654044930.4540722,1067,1654044930,453642951,,True,True,False,True,POSCTL,4
1654044931.4529092,1068,1654044931,452458617,,True,True,False,True,POSCTL,4
1654044932.4547462,1069,1654044932,454304672,,True,True,False,True,POSCTL,4
1654044933.452678,1070,1654044933,452178282,,True,True,False,True,POSCTL,4
1654044934.453498,1071,1654044934,453018763,,True,True,False,True,POSCTL,4
1654044935.452264,1072,1654044935,451854374,,True,True,False,True,POSCTL,4
1654044936.4531772,1073,1654044936,452648910,,True,True,False,True,POSCTL,4
1654044937.45301,1074,1654044937,452541299,,True,True,False,True,POSCTL,4
1654044938.4538584,1075,1654044938,453368594,,True,True,False,True,POSCTL,4
1654044939.454573,1076,1654044939,454153446,,True,True,False,True,POSCTL,4
1654044940.455412,1077,1654044940,454977408,,True,True,False,True,POSCTL,4
1654044941.4542391,1078,1654044941,453907093,,True,True,False,True,POSCTL,4
1654044942.4539688,1079,1654044942,453659999,,True,True,False,True,POSCTL,4
1654044943.4548664,1080,1654044943,454541184,,True,True,False,True,POSCTL,4
1654044944.4536622,1081,1654044944,453329831,,True,True,False,True,POSCTL,4
1654044945.4544854,1082,1654044945,454134886,,True,True,False,True,POSCTL,4
1654044946.4543905,1083,1654044946,454031923,,True,True,False,True,POSCTL,4
1654044947.454127,1084,1654044947,453819070,,True,True,False,True,POSCTL,4
1654044948.4539711,1085,1654044948,453663922,,True,True,False,True,POSCTL,4
1654044949.4549568,1086,1654044949,454544810,,True,True,False,True,POSCTL,4
1654044950.4547276,1087,1654044950,454337809,,True,True,False,True,POSCTL,4
1654044951.4545102,1088,1654044951,454193975,,True,True,False,True,POSCTL,4
1654044952.454484,1089,1654044952,454127123,,True,True,False,True,POSCTL,4
1654044953.4522214,1090,1654044953,451895196,,True,True,False,True,POSCTL,4
1654044954.45507,1091,1654044954,454679214,,True,True,False,True,POSCTL,4
1654044955.4548788,1092,1654044955,454531843,,True,True,False,True,POSCTL,4
1654044956.452859,1093,1654044956,452430509,,True,True,False,True,POSCTL,4
1654044957.4547246,1094,1654044957,454269139,,True,True,False,True,POSCTL,4
1654044958.4545047,1095,1654044958,454061286,,True,True,False,True,POSCTL,4
1654044959.4552023,1096,1654044959,454870489,,True,True,False,True,POSCTL,4
1654044960.4541636,1097,1654044960,453794822,,True,True,False,True,POSCTL,4
1654044961.4529777,1098,1654044961,452599303,,True,True,False,True,POSCTL,4
1654044962.45275,1099,1654044962,452424636,,True,True,False,True,POSCTL,4
1654044963.4545617,1100,1654044963,454233246,,True,True,False,True,POSCTL,4
1654044964.4525619,1101,1654044964,452096468,,True,True,False,True,POSCTL,4
1654044965.4543998,1102,1654044965,453931782,,True,True,False,True,POSCTL,4
1654044966.4542272,1103,1654044966,453802189,,True,True,False,True,POSCTL,4
1654044967.4551287,1104,1654044967,454622373,,True,True,False,True,POSCTL,4
1654044968.453778,1105,1654044968,453451780,,True,True,False,True,POSCTL,4
1654044969.4526176,1106,1654044969,452299520,,True,True,False,True,POSCTL,4
1654044970.4524708,1107,1654044970,452133520,,True,True,False,True,POSCTL,4
1654044971.454336,1108,1654044971,453940389,,True,True,False,True,POSCTL,4
1654044972.4531333,1109,1654044972,452787167,,True,True,False,True,POSCTL,4
1654044973.4529357,1110,1654044973,452636907,,True,True,False,True,POSCTL,4
1654044974.4527931,1111,1654044974,452474591,,True,True,False,True,POSCTL,4
1654044975.4545724,1112,1654044975,454279943,,True,True,False,True,POSCTL,4
1654044976.4524372,1113,1654044976,452151127,,True,True,False,True,POSCTL,4
1654044977.455288,1114,1654044977,454952553,,True,True,False,True,POSCTL,4
1654044978.4532514,1115,1654044978,452837089,,True,True,False,True,POSCTL,4
1654044979.4542024,1116,1654044979,453708181,,True,True,False,True,POSCTL,4
1654044980.4548314,1117,1654044980,454498403,,True,True,False,True,POSCTL,4
1654044981.4556367,1118,1654044981,455296402,,True,True,False,True,POSCTL,4
1654044982.454568,1119,1654044982,454175272,,True,True,False,True,POSCTL,4
1654044983.4543717,1120,1654044983,454030290,,True,True,False,True,POSCTL,4
1654044984.4542751,1121,1654044984,453859197,,True,True,False,True,POSCTL,4
1654044985.4542017,1122,1654044985,453695789,,True,True,False,True,POSCTL,4
1654044986.4539936,1123,1654044986,453564751,,True,True,False,True,POSCTL,4
1654044987.452882,1124,1654044987,452421917,,True,True,False,True,POSCTL,4
1654044988.4556265,1125,1654044988,455182009,,True,True,False,True,POSCTL,4
1654044989.4555302,1126,1654044989,455068119,,True,True,False,True,POSCTL,4
1654044990.4554017,1127,1654044990,454874045,,True,True,False,True,POSCTL,4
1654044991.4541728,1128,1654044991,453725729,,True,True,False,True,POSCTL,4
1654044992.4539819,1129,1654044992,453548247,,True,True,False,True,POSCTL,4
1654044993.4548435,1130,1654044993,454361506,,True,True,False,True,POSCTL,4
1654044994.4557097,1131,1654044994,455218728,,True,True,False,True,POSCTL,4
1654044995.453607,1132,1654044995,453192431,,True,True,False,True,POSCTL,4
1654044996.4543688,1133,1654044996,453881338,,True,True,False,True,POSCTL,4
1654044997.4542184,1134,1654044997,453746281,,True,False,False,True,POSCTL,3
1654044998.4531856,1135,1654044998,452721855,,True,False,False,True,POSCTL,3
1654044999.4538968,1136,1654044999,453421243,,True,False,False,True,POSCTL,3
1654045000.4537241,1137,1654045000,453286817,,True,False,False,True,POSCTL,3
1654045001.4545362,1138,1654045001,454068483,,True,False,False,True,POSCTL,3
1654045002.4553537,1139,1654045002,454917704,,True,False,False,True,POSCTL,3
1654045003.4551933,1140,1654045003,454782056,,True,False,False,True,POSCTL,3
1654045004.4540448,1141,1654045004,453588092,,True,False,False,True,POSCTL,3
1654045005.4549441,1142,1654045005,454458110,,True,False,False,True,POSCTL,3
1654045006.4547715,1143,1654045006,454274202,,True,False,False,True,POSCTL,3
1654045007.4556353,1144,1654045007,455159738,,True,False,False,True,POSCTL,3
1654045008.455458,1145,1654045008,454975441,,True,False,False,True,POSCTL,3
1654045009.4552035,1146,1654045009,454788237,,True,False,False,True,POSCTL,3
1654045010.4540668,1147,1654045010,453606125,,True,False,False,True,POSCTL,3
1654045011.4539804,1148,1654045011,453511977,,True,False,False,True,POSCTL,3
1654045012.4547555,1149,1654045012,454281587,,True,False,False,True,POSCTL,3
1654045013.4545677,1150,1654045013,454114031,,True,False,False,True,POSCTL,3
1654045014.4535248,1151,1654045014,453032012,,True,False,False,True,POSCTL,3
1654045015.4532623,1152,1654045015,452847530,,True,False,False,True,POSCTL,3
1654045016.4541192,1153,1654045016,453650752,,True,False,False,True,POSCTL,3
1654045017.454017,1154,1654045017,453532214,,True,False,False,True,POSCTL,3
1654045018.4547584,1155,1654045018,454305417,,True,False,False,True,POSCTL,3
1654045019.4556518,1156,1654045019,455178435,,True,False,False,True,POSCTL,3
1654045020.4554262,1157,1654045020,454964453,,True,False,False,True,POSCTL,3
1654045021.4543598,1158,1654045021,453821230,,True,False,False,True,POSCTL,3
1654045022.4541116,1159,1654045022,453655322,,True,False,False,True,POSCTL,3
1654045023.456011,1160,1654045023,455492784,,True,False,False,True,POSCTL,3
1654045024.4548068,1161,1654045024,454330006,,True,False,False,True,POSCTL,3
1654045025.4547145,1162,1654045025,454214561,,True,False,False,True,POSCTL,3
1654045026.454588,1163,1654045026,454018338,,True,False,False,True,POSCTL,3
1654045027.4543736,1164,1654045027,453887375,,True,False,False,True,POSCTL,3
1654045028.456173,1165,1654045028,455671689,,True,False,False,True,POSCTL,3
1654045029.456002,1166,1654045029,455504540,,True,False,False,True,POSCTL,3
1654045030.4557226,1167,1654045030,455335058,,True,False,False,True,POSCTL,3
1654045031.455659,1168,1654045031,455196039,,True,False,False,True,POSCTL,3
1654045032.4554691,1169,1654045032,455022594,,True,False,False,True,POSCTL,3
1654045033.4564366,1170,1654045033,455874797,,True,False,False,True,POSCTL,3
1654045034.4542408,1171,1654045034,453743241,,True,False,False,True,POSCTL,3
1654045035.455989,1172,1654045035,455504222,,True,False,False,True,POSCTL,3
1654045036.4550488,1173,1654045036,454418925,,True,False,False,True,POSCTL,3
1654045037.4537086,1174,1654045037,453278480,,True,False,False,True,POSCTL,3
1654045038.4535882,1175,1654045038,453082424,,True,False,False,True,POSCTL,3
1654045039.4563892,1176,1654045039,455862608,,True,False,False,True,POSCTL,3
1654045040.4560602,1177,1654045040,455668330,,True,False,False,True,POSCTL,3
1654045041.4558249,1178,1654045041,455486681,,True,False,False,True,POSCTL,3
1654045042.4537086,1179,1654045042,453362569,,True,False,False,True,POSCTL,3
1654045043.4545174,1180,1654045043,454171198,,True,False,False,True,POSCTL,3
1654045044.4543056,1181,1654045044,453980013,,True,False,False,True,POSCTL,3
1654045045.4553509,1182,1654045045,454873382,,True,False,False,True,POSCTL,3
1654045046.4541879,1183,1654045046,453755974,,True,False,False,True,POSCTL,3
1654045047.45401,1184,1654045047,453580955,,True,False,False,True,POSCTL,3
1654045048.4548612,1185,1654045048,454382418,,True,False,False,True,POSCTL,3
1654045049.4538138,1186,1654045049,453296213,,True,False,False,True,POSCTL,3
1654045050.4555166,1187,1654045050,455031509,,True,False,False,True,POSCTL,3
1654045051.4552772,1188,1654045051,454839120,,True,False,False,True,POSCTL,3
1654045052.455178,1189,1654045052,454723526,,True,False,False,True,POSCTL,3
1654045053.4560595,1190,1654045053,455599433,,True,False,False,True,POSCTL,3
1654045054.4558113,1191,1654045054,455385451,,True,False,False,True,POSCTL,3
1654045055.4556246,1192,1654045055,455167210,,True,False,False,True,POSCTL,3
1654045056.4545286,1193,1654045056,454043005,,True,False,False,True,POSCTL,3
1654045057.45534,1194,1654045057,454831172,,True,False,False,True,POSCTL,3
1654045058.4541929,1195,1654045058,453725967,,True,False,False,True,POSCTL,3
1654045059.454984,1196,1654045059,454532263,,True,False,False,True,POSCTL,3
1654045060.4568617,1197,1654045060,456359725,,True,False,False,True,POSCTL,3
1654045061.4546537,1198,1654045061,454162095,,True,False,False,True,POSCTL,3
1654045062.4546273,1199,1654045062,454078298,,True,False,False,True,POSCTL,3
1654045063.455377,1200,1654045063,454890131,,True,False,False,True,POSCTL,3
1654045064.4561803,1201,1654045064,455685982,,True,False,False,True,POSCTL,3
1654045065.45495,1202,1654045065,454494833,,True,False,False,True,POSCTL,3
1654045066.4547946,1203,1654045066,454338759,,True,False,False,True,POSCTL,3
1654045067.4556534,1204,1654045067,455158795,,True,False,False,True,POSCTL,3
1654045068.4565613,1205,1654045068,456008665,,True,False,False,True,POSCTL,3
1654045069.4542954,1206,1654045069,453862572,,True,False,False,True,POSCTL,3
1654045070.4541488,1207,1654045070,453685886,,True,False,False,True,POSCTL,3
1654045071.4549983,1208,1654045071,454499700,,True,False,False,True,POSCTL,3
1654045072.4536777,1209,1654045072,453360385,,True,False,False,True,POSCTL,3
1654045073.4565105,1210,1654045073,456112458,,True,False,False,True,POSCTL,3
1654045074.4563282,1211,1654045074,455944624,,True,False,False,True,POSCTL,3
1654045075.4541461,1212,1654045075,453800364,,True,False,False,True,POSCTL,3
1654045076.4560397,1213,1654045076,455635086,,True,False,False,True,POSCTL,3
1654045077.4549472,1214,1654045077,454497974,,True,False,False,True,POSCTL,3
1654045078.4558485,1215,1654045078,455321955,,True,False,False,True,POSCTL,3
1654045079.454581,1216,1654045079,454157270,,True,False,False,True,POSCTL,3
1654045080.4553797,1217,1654045080,454960899,,True,False,False,True,POSCTL,3
1654045081.4552262,1218,1654045081,454792361,,True,False,False,True,POSCTL,3
1654045082.4573205,1219,1654045082,456666879,,True,False,False,True,POSCTL,3
1654045083.4573264,1220,1654045083,456500212,,True,False,False,True,POSCTL,3
1654045084.4547539,1221,1654045084,454298989,,True,False,False,True,POSCTL,3
1654045085.4566395,1222,1654045085,456137896,,True,False,False,True,POSCTL,3
1654045086.45643,1223,1654045086,455987969,,True,False,False,True,POSCTL,3
1654045087.4551969,1224,1654045087,454779931,,True,False,False,True,POSCTL,3
1654045088.4552267,1225,1654045088,454711375,,True,False,False,True,POSCTL,3
1654045089.4549031,1226,1654045089,454455838,,True,False,False,True,POSCTL,3
1654045090.4548202,1227,1654045090,454311393,,True,False,False,True,POSCTL,3
1654045091.4567118,1228,1654045091,456177262,,True,False,False,True,POSCTL,3
1654045092.455455,1229,1654045092,454981484,,True,False,False,True,POSCTL,3
1654045093.4563081,1230,1654045093,455810817,,True,False,False,True,POSCTL,3
1654045094.4551036,1231,1654045094,454625909,,True,False,False,True,POSCTL,3
1654045095.4559085,1232,1654045095,455447482,,True,False,False,True,POSCTL,3
1654045096.4567895,1233,1654045096,456298741,,True,False,False,True,POSCTL,3
1654045097.4546068,1234,1654045097,454145851,,True,False,False,True,POSCTL,3
1654045098.4554262,1235,1654045098,454960092,,True,False,False,True,POSCTL,3
1654045099.456296,1236,1654045099,455813998,,True,False,False,True,POSCTL,3
1654045100.45511,1237,1654045100,454619257,,True,False,False,True,POSCTL,3
1654045101.4548635,1238,1654045101,454416534,,True,False,False,True,POSCTL,3
1654045102.4547489,1239,1654045102,454327145,,True,False,False,True,POSCTL,3
1654045103.4566052,1240,1654045103,456144403,,True,False,False,True,POSCTL,3
1654045104.4554,1241,1654045104,454946551,,True,False,False,True,POSCTL,3
1654045105.4573407,1242,1654045105,456782198,,True,False,False,True,POSCTL,3
1654045106.4561071,1243,1654045106,455615920,,True,False,False,True,POSCTL,3
1654045107.4568663,1244,1654045107,456416049,,True,False,False,True,POSCTL,3
1654045108.4567833,1245,1654045108,456319789,,True,False,False,True,POSCTL,3
1654045109.45451,1246,1654045109,454092326,,True,False,False,True,POSCTL,3
1654045110.4563951,1247,1654045110,455927066,,True,False,False,True,POSCTL,3
1654045111.456297,1248,1654045111,455764973,,True,False,False,True,POSCTL,3
1654045112.4550629,1249,1654045112,454593342,,True,False,False,True,POSCTL,3
1654045113.4558733,1250,1654045113,455423546,,True,False,False,True,POSCTL,3
1654045114.4556777,1251,1654045114,455253860,,True,False,False,True,POSCTL,3
1654045115.4555619,1252,1654045115,455094304,,True,False,False,True,POSCTL,3
1654045116.4574819,1253,1654045116,456933396,,True,False,False,True,POSCTL,3
1654045117.455064,1254,1654045117,454716673,,True,False,False,True,POSCTL,3
1654045118.45694,1255,1654045118,456559894,,True,False,False,True,POSCTL,3
1654045119.455722,1256,1654045119,455403635,,True,False,False,True,POSCTL,3
1654045120.4545846,1257,1654045120,454237356,,True,False,False,True,POSCTL,3
1654045121.4574556,1258,1654045121,457047652,,True,False,False,True,POSCTL,3
1654045122.4565344,1259,1654045122,455938466,,True,False,False,True,POSCTL,3
1654045123.4573298,1260,1654045123,456752447,,True,False,False,True,POSCTL,3
1654045124.4572937,1261,1654045124,456628113,,True,False,False,True,POSCTL,3
1654045125.4560916,1262,1654045125,455453427,,True,False,False,True,POSCTL,3
1654045126.455708,1263,1654045126,455290242,,True,False,False,True,POSCTL,3
1654045127.4575906,1264,1654045127,457070926,,True,False,False,True,POSCTL,3
1654045128.457434,1265,1654045128,456898796,,True,False,False,True,POSCTL,3
1654045129.457251,1266,1654045129,456729036,,True,False,False,True,POSCTL,3
1654045130.4550452,1267,1654045130,454585035,,True,False,False,True,POSCTL,3
1654045131.4559321,1268,1654045131,455406183,,True,False,False,True,POSCTL,3
1654045132.4556878,1269,1654045132,455215108,,True,False,False,True,POSCTL,3
1654045133.4554949,1270,1654045133,455051293,,True,False,False,True,POSCTL,3
1654045134.4554853,1271,1654045134,454879459,,True,False,False,True,POSCTL,3
